0,0,1.6784,6.8549,5.498,0,3.498,9.0706,10.1137,0,7.1137,6.1843,0,7.4902,0,13.7569,9.2275,6.9922,8.8627,0,0,0.7529,4.0118,11.3059,6.5373,15.0,17.0,A
0,0,0,1,5.7451,0,0,2,11.7569,2,0,4.1529,6.5451,12.4431,0,4.7333,8.851,0.8627,11.2157,0,14.6627,11.9686,11.2157,15.1529,7.7294,14.0,15.0,A
0,0,1,11.2235,4.9961,0,5.6314,13.7373,2.7529,0,8.7294,6.5725,12.3843,0,0,13.2196,6.0235,14.1294,4.5608,1.6353,0,0,11.898,9.1216,8.7765,11.0,13.0,A
0,0,0,2.9804,11.349,2,9.7294,14.6784,8.5686,4.0039,11.7961,4.1961,11.2157,3.7647,0,5.6314,6.5765,14.2431,2.2588,0,0,0.9412,4.7569,10.0039,7.2314,13.0,12.0,A
0,0,1.7922,5.4275,10.251,0,3.2353,13.8667,12.6863,0,6.298,12.9882,7.9843,9.0118,0,14.4275,0.9373,3.7255,11.2549,0,6.7686,9.2157,9.6078,13.098,5.9608,10.0,15.0,A
0,0,0,3.7569,8.5059,0,2.2353,8.2784,8.4353,2.6353,6.9922,10.5098,11.8078,7.6039,0,15.0196,3.7569,7.451,7.4902,0,3.2,4.698,12.5451,13.8784,8.7529,13.0,16.0,A
0,0,0,3,9.9882,0,0,4,7,0,6.3373,10.8627,7.7412,8,0,13.7804,14.8314,7.3608,12.5569,0,0,0,6.2549,15.2549,9,14.0,14.0,A
0,0,1.6824,4,11.3647,0,0,15.3059,7.851,0,3.7569,9.4039,8.7412,5.9961,0,14.5529,9.3725,7.4902,13.498,2.4275,6.0235,7.5294,7.5294,13.749,11.749,11.0,14.0,A
0,0,0,10.9725,5.502,0,0,3.7451,10.2471,0.7529,0,6.2431,9.4902,11.498,0.7529,13.4196,12.2039,7.451,17.2235,3.7647,6.2235,7.4902,7.4902,11.3569,11.1098,12.0,12.0,A
0,0,0,9.7294,2.2588,0,2.9804,10.7216,4.9961,0,0.7451,5.9294,10.2549,0.7529,0,11.5059,12.9255,13.4824,5.9922,0,10.2275,11.2549,11.2549,11.0039,7.4863,15.0,14.0,A
0,1.4902,6.6824,8.3843,0,0,5.4902,11.1843,0,0,8.9804,7.6314,9,1.5059,0,14.2275,11.2157,14.8549,9.6196,5.8,0,0,0,1.5059,9.098,11.0,14.0,A
0,0,0,2.4902,8.9765,0,0,5.6275,16.8078,6.5176,4.7333,10.7294,5.7569,12.0078,0,15.1647,8.2431,3.7255,12,0,8.0078,14.9804,14.9804,14.7373,5.9608,10.0,14.0,A
0,0,0,3.5882,12.0471,0,0,5.6392,10.7412,1.8824,0,5.8745,6.5765,8.5451,0,13.0627,9.4824,3.7255,8.2353,0,8.0078,14.9804,14.9804,12.8471,5.9608,11.0,16.0,A
0,0,0,4.2431,9.6157,0,0,5.6275,11.702,1.5059,3.2353,7.6392,10.1098,9.749,0,17.3412,7.7255,10.0627,10.098,2.9804,14.2431,14.9804,16.4706,16.4863,11.9843,10.0,14.0,A
0,0,7.2314,12.5255,8.5647,5.6824,12.0941,16.3686,3.0118,6.9922,11.0118,5.4235,14.9373,4.4471,5.7412,11.8588,9.2902,2.8196,4.8157,3.7255,4.251,5.4941,0,4,8.8471,12.0,17.0,B
3.3647,11.4039,11.5843,12.7059,15.9765,12.7451,6.9333,19.3176,5.2706,6.8706,11.6314,3.7255,16.4353,7.2549,3.7255,12.5529,9.6784,5.749,10.3176,3.7255,3.0118,6.0235,0,8.3608,8.3373,11.0,15.0,B
2.9804,3.7255,4.3569,13.102,11.0627,16.8314,19.0745,20.898,7.5176,7.0706,12.9333,6.9294,17.9137,3.5059,3.9804,12,9.9686,14.6784,7.2392,3.7255,1.5059,12.8706,6.3843,8.7294,7.8275,9.0,17.0,B
3.1686,10.2824,11.2157,11.5922,13.4745,16.8549,10.8941,8.2745,7.5294,5.2314,11.6235,6.3608,9.1255,0,3.7255,12.2392,9.9137,7.7647,4,3.7255,4.9961,13.8667,1.5059,7.4902,7.8275,10.0,15.0,B
5.7961,14.7922,14.9804,16.4706,13.1333,12.1647,1.6941,0,0,9.4235,11.9843,4.4863,11.9922,0,7.451,6.4431,10.9176,12.9451,7.6196,8.3882,0,1.5059,1.5059,8.9882,12.3373,11.0,13.0,B
3.3647,14.6275,18.4118,15.4431,13.2667,11.2235,4.6667,12.349,0,6.9922,10.7451,7.2314,14.5059,3.5059,4.9882,12.5529,12.549,4.2588,6.4353,3.9804,3.0118,3.0118,0,5.5059,9.3725,11.0,16.0,B
1.4902,3.7255,3.7255,7.3451,15.5451,12.2431,14.9804,14.9804,12.4941,8.7373,11.2549,0.9333,3.6784,0,3.9804,15.7333,13.098,13.6196,3.9961,8.7294,6.0235,6.0235,2,11.4824,9.9765,10.0,15.0,B
3.1686,8.7843,11.2157,13.2314,15.502,17.7725,15.9529,11.2941,2.2588,4.302,12.9882,1.5059,7.9608,1.5059,7.2314,7.6863,10.9882,15.7294,4.7529,11.2157,0,5.5059,4,7.4902,11.2157,9.0,14.0,B
0,4.7333,11.2157,15.5333,9.1961,3,13.4157,8.5137,6.3922,11.1294,8.251,8.7922,9.702,0,7.2314,11.6235,7.4902,10.7647,3.9804,6.149,11.7412,10.8392,5.0118,13.9843,12.3608,10.0,15.0,B
1.4902,3.7255,5.7333,14.949,17.6471,11.9843,11.6314,7.2549,3.7647,8.5882,8.9176,0,1.4902,1.4902,7.451,9.7529,3.2588,4.2353,13.2471,10.4588,4,8.9804,9.451,6.502,5.5059,11.0,12.0,B
0,0.7451,7.7412,14.9804,9.2392,0,6.9961,6.9961,0,10.2784,3,6,0,0,4.1098,8.4863,0,0,0,3.7255,8.502,0,0,0,1.4902,10.0,15.0,C
0,0,7.2431,13.9843,7.9961,0,4.9373,5.5059,0,4.2353,1,5.7569,0,0,3.7255,5.8745,4,0,0,3.7255,7.5137,0,0,0,1.4902,10.0,14.0,C
10.4863,16.1098,14.9804,15.349,3.5647,8.7529,2.2588,0,8.6039,8.0667,9.9725,0,0,1.4902,7.498,11.2157,0,0,0,7.9608,8.9725,0,0,0,5.9608,9.0,12.0,C
0,5.4863,13.2314,12.4196,3.9333,3,9.0118,1.5059,1.8745,11.1294,8.4863,0,0,0,7.2314,10.7529,0,0,0,2.9804,9.0039,0,0,0,0,10.0,14.0,C
0,11.349,14.9804,14.7373,2.5059,4.8549,9.4392,0,4,6.251,9.7647,4.5098,0,0,9.9922,10.0039,3.0118,0,0,7.451,6.4863,0,0,0,5.9608,10.0,12.0,C
0,0.9333,9.6078,10.9922,2,0.7451,9.1176,6.7608,2,7.498,5.8627,5.3725,0,0,7.4902,8.7294,0,0,0,7.298,9.7255,0,0,0,1.8745,10.0,16.0,C
1,8.7294,11.2392,10.0353,0.9373,7.4863,4.2588,0.7529,5.4392,9.8235,10.4784,0,0,0,10.9725,10.1412,0,0,0,5.7333,9.0039,0,0,0,2.9804,11.0,14.0,C
6.549,15.1686,14.9804,7.7451,0.7451,12.7373,1.8824,1.5059,13.2314,6.5529,11.2157,0,0,2.9804,10.251,11.2157,0,0,0,8.4706,10.102,0,0,0,5.9608,10.0,13.0,C
0,9.9216,15.3569,11.2353,2,2.4902,10.0039,0,4.9961,10.5451,5.9961,3.5059,0,0,6.1255,8.4863,0,0,0,3.7255,9.6314,0,0,0,2.9804,10.0,16.0,C
1.4902,9.6627,14.3529,11.3569,1,9.9922,6.698,0,5.7333,5.9961,11.2549,3.7647,0,0,10.0039,8.7373,0.7529,0,0,11.2471,8.9725,0,0,0,3.749,11.0,13.0,C
0,7.6706,15.3569,14.9804,4.6275,0.9373,9.8,0,1.5059,8.251,5.2549,4.5098,0,0,3.7255,6.9961,1.5059,0,0,3.7255,9.6314,0,0,0,2.9804,10.0,15.0,C
8.0471,15.3569,14.9804,14.9804,14.9804,12.0627,0,0,2.9804,12.3765,5.8824,1.8824,0,3.7255,11.2549,2.8157,5.8157,0,4.2353,7.7529,0,4,7.9608,7.4902,0,11.0,15.0,D
16.4784,14.9804,14.9804,14.9804,13.6667,11.2549,0,0,0,4.6784,10.7529,0,0,0,10.2824,6,1,0,0.7451,12.7294,2,9.1294,7.451,9.451,7.2549,9.0,15.0,D
8.7843,11.2157,10.8706,14.9804,15.6235,16.9412,11.2941,2.2588,0,7.451,7.7647,1.8824,0,0,7.451,7.5059,9.349,0.7451,0,7.451,0,8.6275,10.1255,7.451,9.6941,9.0,13.0,D
3.2353,9.9725,11.2157,11.2157,11.9804,16.4667,12.0353,11.2941,11.2941,11.4627,9.3804,0,0,1.4902,7.3059,4,5.4902,0,4.7451,8.2431,0,9.9922,7.9608,6.9804,0,9.0,16.0,D
5.9608,8.2275,10.8863,11.4431,12.1647,15.498,8.6314,3.9529,3.7647,4.4784,6.8196,0,0,0,5.4902,4.6941,3.7569,0,3.7569,5.7569,1.6824,10.1686,7.451,7.4314,0.9412,12.0,15.0,D
0,0,0.7451,5.4039,13.3529,14.4,14.9804,13.2392,11.4431,8.4353,11.4745,3.7647,2.2588,0,9.4863,6.4941,4.749,0,3.4902,7.502,2,11.4824,7.451,8.7294,0,11.0,15.0,D
6.5412,11.2157,11.2157,11.2157,15.8431,14.3765,7.5294,7.5294,7.5294,8.2431,10.5451,1.5059,0,0,3.7255,5.3804,11.2549,1,0,3.7255,0,5.5059,8.4706,7.451,7.9608,10.0,14.0,D
2.2353,0,0.7451,4.9216,14.3451,14.4784,11.4471,7.3098,10.2353,10.2941,7.8784,5.6471,0.7529,0,3.9176,1.8784,6.8196,0,0,5.4902,0,3.8157,4.1686,10.0392,4,14.0,15.0,D
0,0,0,8.9098,7.5137,5.9608,7.451,8.4706,10.902,9.1725,14.6824,7.4902,6.4941,1,4.9255,6.1765,5.3176,0,0,3.9137,0,6,3.9804,3.7255,6.7961,14.0,16.0,D
0,0,0,6.2353,7.2471,5.9608,7.451,10.9725,9.2471,9.6157,16.7373,11.2549,7.0078,0.7529,3.9176,6.251,6.8157,4.1725,0.7451,3.7255,0,0,10.9882,9.4667,7.8275,11.0,14.0,D
0,0,0,3.9804,13.2157,2.9804,3.7255,6.9765,10.7294,10.3686,17.9569,15.7255,11.0039,4.5176,4.4902,10.1255,7.7412,0.7451,2.4902,8.4863,0,6.9961,9.7333,8.4706,4,10.0,16.0,D
7.3529,3.7255,3.7255,6.9765,11.0667,19.1255,18.7059,18.7059,15,8.2431,11.5059,3.7647,3.7647,1.5059,4.7451,9.7294,0,0,4.6863,8.5059,5.3647,7.8353,7.451,9.8588,3.0118,9.0,16.0,D
0,0,0,0.9333,10.6588,14.2275,14.9804,14.9804,11.0667,8.0471,12.6353,3.7647,3.7647,0.7529,3.7255,8.4863,2.4902,0,0.8549,7.1059,2,11.4824,7.451,9.9373,6.6039,11.0,15.0,D
0,0,0,3.4902,10.3569,11.6784,11.2157,10.1255,7.6314,6.4784,4.5686,5.7059,1.5059,0,3.9176,0,6.8196,0,0,5.8118,0,3,7.4706,7.8275,7.7373,13.0,16.0,D
0,0,0,8.4353,11.251,0,0,6.6314,6.5059,4.2353,12.2275,6.9922,3.8157,1.8745,7.1176,7.4275,0.9412,0,4.6941,1.8784,2.8157,6.3059,5.4784,7.1843,0,14.0,15.0,D
10.1098,11.2549,11.2549,11.2549,11.4706,9.6941,5.6431,3.7647,3.7647,8.2039,8.2196,6.3686,0,0,7.451,1.4902,5.2549,0,0,10.2118,0,8.6784,8.2275,7.8902,4.2392,12.0,13.0,D
10.1098,8.7451,11.2157,11.2157,12.7059,9.7176,3.3961,0,0,7.451,9.051,5.2784,0,0,7.8353,4.4706,6.3765,0,0,7.6392,0,8.6078,7.451,10.3294,3.8196,12.0,13.0,D
6.5412,12.4784,14.9804,14.9804,13.851,14.6275,3.0118,0,0,5.7333,9.502,0,0,0.7451,10.7373,4,6.4902,0.7451,6.2353,6.502,0,8.7294,10.7294,8.9961,0,10.0,14.0,D
0,0,0,8.7412,11.9882,7.1137,7.4902,7.2549,4.6353,5.9882,13.2667,7.5294,1.5059,0,8.7294,3,6,0,1.8745,8.1176,0,5,7.9608,8.349,1.8784,12.0,15.0,D
0,0,6.3451,7.8863,8.0588,11.8706,10.0039,10.9255,4.8902,7.4902,9.2588,0,4.9882,5.749,5.1765,7.9922,2.7529,1.4902,5.8118,1.8667,3.2353,7.4627,0,2.4353,0,13.0,17.0,E
4.7333,11.2157,15.1059,14.9804,13.4745,14.9843,11.2941,9.749,0,11.2157,11.6314,0,7.4902,0,11.6784,10.4941,0,7.6745,0,4.7333,9.3412,0,4.8706,0,0,9.0,14.0,E
11.9882,10.498,12.949,10.5569,11.3216,11.2549,6.1765,13.3294,2.2588,10.9725,11.2549,3.7255,11.2549,0,9.9137,11.2549,3.7255,11.2549,0,4.3098,9.0039,1.4902,8.502,0,1.4902,13.0,15.0,E
5.9608,12.4627,19.8275,19.0824,15.3333,17.6314,8.5137,13.3294,6.9647,6.1765,10.502,0,11.2549,3.7647,3.7255,10.9725,0,11.2549,3.7647,3.7255,8.9725,0,9.0039,3.0118,3.3569,8.0,14.0,E
7.851,3.9176,5.8549,11.5922,12.1098,14.7216,15.3647,17.7333,7.5294,5.2314,10.7529,0,11.2157,0,3.7255,11.2549,0,11.2157,0,3.7255,9.0039,0,4.4863,0,2.9804,10.0,15.0,E
16.4784,15.7176,17.502,14.9804,13.851,11.2549,0,7.8745,0,3.7255,11.2549,0,7.4902,0,3.7255,11.2549,0,7.4902,0,3.7255,9.0039,0,6.3608,0,2.9804,10.0,14.0,E
0,0,0,5.6588,12.5686,11.2471,11.2549,11.2549,9.7373,12.7294,12.6353,3.7647,9.7569,0.7529,5.4784,10.9725,0,7.6745,0,1.4902,9.1569,0,3.1882,0,0,14.0,14.0,E
12.2431,14.9804,17.2235,14.9804,14.6039,11.2549,0,11.2157,0,11.2157,11.2549,0,11.2157,0,6,10.1333,0,8.6078,0,3.9176,8.9725,0,4.8706,1.5059,1.4902,11.0,15.0,E
10.0941,11.2157,12.9098,12.102,16.549,14.651,7.5294,15.3725,4.5176,11.2157,9.7569,0,11.2157,0,7.3059,7.3059,0,7.9843,0.7529,4.1098,4.8706,1.5059,5.9922,3.0118,2.9804,10.0,15.0,E
10.0941,11.2157,12.349,11.2157,14.7137,15.0196,7.5294,12.7686,7.5294,8.2431,10.8863,0,7.2471,0.7529,3.7255,9.7569,0,11.2549,3.7647,3.7255,8.9725,0,9.0039,3.0118,2.9804,10.0,14.0,E
0,7.0824,16.0471,10.4275,10.098,10.651,11.1843,16.4588,2,10.5098,11.2157,0,11.2157,0,8.2196,11.2157,0,11.2157,0,7.451,6.1765,0,8.9725,0,5.9608,12.0,13.0,E
10.9882,12.7059,16.4549,11.2157,9.349,10.9961,0.7451,12.3608,0,0,11.2157,0,11.2157,0,0,2.2431,0,11.2157,0,0,0,0,9.3412,0,0,12.0,15.0,F
15.7176,14.9804,14.9804,14.9804,12.7373,14.9804,0,5.9608,9.0039,0,14.9804,0,7.451,11.2549,0,14.9804,0,7.451,11.2549,0,11.9843,0,5.9608,9.7412,0,11.0,11.0,F
12.8941,11.2157,7.3137,11.2549,9.3804,7.3137,0.7529,9.7255,3.7647,3.0118,11.2549,3.7647,11.2157,0,0,11.2549,3.7647,11.2157,0,0,4.502,1.5059,9.3412,0,0,12.0,13.0,F
12.3451,11.2157,12.898,10.8471,8.0784,11.2549,0,10.3098,2.2588,0,10.5176,0,11.2549,3.7647,0,10.4863,0,11.2549,3.7647,0,8.9725,0,9.3725,3.1961,0,14.0,14.0,F
14.5882,14.9804,17.2235,15.7333,12.7373,11.2157,0,11.2157,3.7647,0,11.2157,0,7.3059,4.3255,0,11.2157,0,4.1098,8.6275,0,8.9725,0,2.9804,9.0039,0,10.0,12.0,F
8.6118,11.2549,12.3686,12.3804,10.6824,13.3176,3.7647,10.0941,10.1294,3.0118,11.2549,0,2.9804,7.2471,0,11.2549,0,0,11.2549,0,9.7412,0,0,4.502,0,12.0,14.0,F
2.2353,3.7255,7.2314,12.6667,10.7451,16.4784,11.2549,5.7569,10.0549,0,12.9882,0,0,6.9922,6.0235,10.9725,3.0118,0,7.4902,7.5294,9.3412,3.3804,0,4.9961,7.0118,11.0,11.0,F
8.4078,11.2157,11.2157,10.4784,10.502,12.9098,3.7647,6.7451,11.2314,0,11.2157,0,3.7255,11.2157,0,11.2157,0,3.7255,11.2157,0,12.4471,1.5059,2.9804,8.9725,0,11.0,13.0,F
14.5961,11.2157,14.2118,12.7216,9.349,10.7373,0,4.9882,7.2549,0,11.2157,0,1.4902,10.1412,0,13.1843,1.5059,0,10.8471,0,3.9804,0.7529,0,8.9725,0,12.0,15.0,F
1.4902,8.9922,9.9725,11.2157,7.4863,8.4941,4.7569,2.7451,3.9804,6.6667,10.7529,0,12.2431,16.2431,9.498,11.2549,0,11.2549,3.7647,0,9.0039,0,4.502,1.5059,0,12.0,16.0,G
5.1176,10.8471,9.8902,9.7294,3,10.5098,0,0,0,5.2353,11.2549,1.4902,11.2471,11.2549,10.6824,12.4706,3.7255,13.1373,3.7647,3.0118,8.4392,2.9804,9.0039,0,0,16.0,15.0,G
7.2314,8.6314,9.9137,11.2157,8.4824,11.1176,2.2588,0,0,5.1804,6.9922,0,2.4902,3.9176,8.098,6.9922,0,9.9882,9.9412,2.6314,5.6902,1.5059,5.9922,0,0,12.0,18.0,G
0,6.4706,9.7529,10.1569,9.5569,5,6.4941,3.2588,0,6.1176,11.0039,0,2.498,6.9922,6,10.1333,0,7.502,7.5294,0,6.2392,7.1137,2.9961,1.5059,0,13.0,15.0,G
13.0039,11.2549,11.2549,10.7176,4.3725,11.2549,0,0,0,4.7333,11.2549,0,0,0,4.2353,9.6353,3.1843,8.9804,13.2275,5,3.251,6.1961,5.9608,5.9922,0,15.0,16.0,G
3,9.9725,11.2157,11.4,9.1725,9.7529,0,0,0,4.9255,11.2549,0,4.2039,4.9647,7.4196,10.9882,0,10.2824,15.3843,8.6118,6.6078,6.7529,5.9608,5.9922,0,13.0,16.0,G
1.8745,9.6039,11.2157,8.2471,5.6392,7.5098,1.8784,0,0.9412,3.8196,6.1961,0,2.4902,0,0,6.4941,0,12.7098,10.0039,9.0039,8.7569,1.5059,8.9725,3.0118,3.0118,13.0,17.0,G
7.7451,9.9725,11.2157,9.6275,5.6392,8.1216,0,0,2.4471,7.2353,6.9922,0,1.4902,4.8667,6.7412,11.3569,3.3725,10.651,9.749,3.0118,5.8118,2.4392,8.9725,0,0,13.0,17.0,G
3.2431,12.2353,14.9804,15.349,9.6196,10.2549,0.7529,0,0,5.4863,11.2549,0,0,0,7.2157,16.3137,2.2588,6.2314,11.7255,7.502,4.5176,0,5.9922,3.0118,0,11.0,15.0,G
7.9216,11.0039,11.2549,11.0039,6,10.7529,0,0,0,2.7451,11.2549,0,5.8039,7.9294,7.2157,10.7451,0,11.0196,11.4157,5.4941,6.4863,7.8745,5.9608,5.9922,0,14.0,16.0,G
2.9373,7.8863,8.6314,7.3216,7.502,7.9961,0,0,0,2.9804,7.4902,0,4.349,10.6039,4.9961,7.4902,0,0.9373,7.1843,0,7.9176,1.6863,0,4.4941,0,14.0,17.0,G
1.9373,7.5098,10.8863,11.0039,6,8.502,0,0,0,4.2353,11.2549,0,0,7.2314,7.2471,11.2549,0,4.4706,9.6784,1.5059,7.9961,4.1098,0.7529,1,0,14.0,16.0,G
6.7412,11.0039,11.2549,10.4941,5.1216,6.9922,0,0,0,1.7451,6.3765,0,0,0,0,5.2549,0,0,8.098,5.4941,3.8157,4.302,2.4392,5.9922,0,16.0,19.0,G
10.1333,11.6235,11.1176,11.2157,2.2431,3.0118,6.1843,11.4549,0,0,0,0,10.1176,0,0,0,0,12.7059,7.451,7.7412,6.1843,11.2549,14.1137,7.4902,4.251,13.0,15.0,H
14.2431,15.7255,17.2314,14.9804,11.9843,0,3.7255,11.2549,0,0,0,3.7255,11.2549,0,0,0,3.8353,13.2235,3.9137,2.4392,8.2196,9.9373,16.3451,15.3569,6.3843,11.0,15.0,H
8.4353,11.2549,17.4235,11.2549,9.0039,2.2588,3.7647,13.2941,3.7647,3.0118,0,0,11.2157,0,0,0,0,11.2157,0,0,7.8353,7.451,13.0745,8.6196,6.1333,12.0,13.0,H
14.6353,11.6235,12.3765,11.2549,9.0039,3.0118,6.1843,12.8588,3.7647,3.0118,0,0,9.8039,0,0,0,0,11.2157,0,2.7137,6.1843,11.2549,15.1804,11.2549,5.9882,13.0,15.0,H
10.1333,12.3686,12.3804,8.7451,6.7294,3.0118,10.0941,10.1294,1.5059,0,0,7.451,7.4902,0,0,0,4.4706,4.4941,0,4.8471,10.4706,8.0314,10.0627,7.3176,5.6235,13.0,14.0,H
11.2314,11.5843,13.4706,11.2157,9.1569,0,0,5.8118,0,0,0,0,7.4902,0,0,0,0,7.4902,0,2.9804,8.2196,7.451,11.2078,8.1294,3.9961,12.0,14.0,H
9.3569,14.9804,17.2235,14.9804,12.3529,0,0,7.4902,0,0,0,0,7.4902,0,0,2.251,0,7.4902,0.7451,2.9804,11.4824,7.451,11.2078,10.1255,11.9843,11.0,14.0,H
10.1333,12.1059,12.9098,11.2157,4.2431,3.0118,7.1255,4.1373,0,0,0,4.1098,8.6275,0,0,0,3.7255,11.2549,1.4902,6.3373,8.2196,9.3176,14.4392,6.5647,6.1804,12.0,15.0,H
10.1333,11.2549,12.3686,9.9961,10.7098,3.0118,3.7647,13.2941,2.2588,0.7529,0,0,11.2157,0,1.4902,0,0,14.2118,8.8902,5.4863,9.4902,8.6314,11.9843,3.5725,0,13.0,15.0,H
7.851,11.2157,16.2784,12.9098,8.9725,0,0,7.2824,1.5059,0,0,0,5.7765,0,0,0,0,7.4902,0,1.8667,10.1333,11.2549,13.8784,11.2549,5.9373,13.0,14.0,H
12.3373,5.8078,3.7255,3.7255,2.2353,1.5059,5.8235,14.251,12.7608,8.7529,0,0,7.4902,3.7647,0,0,0,7.9843,0.7529,0,5.9608,7.451,12.9569,7.451,5.9608,11.0,15.0,H
0,0,0,3.7255,14.902,0,0,0,3.7255,14.902,12.3294,11.1765,11.1765,13.8196,16.1255,20.549,18.6275,18.6275,20.549,16.9412,16.4392,14.902,14.902,16.4392,13.5529,2.0,11.0,I
0,0,0,0,7.451,0,0,0,0,7.451,12.3294,11.1765,11.1765,11.9412,13.498,20.549,18.6275,18.6275,19.902,17.5294,16.4392,14.902,14.902,15.9216,14.0235,2.0,11.0,I
0,0,0,0,11.1765,0,0,2.9804,15.9216,15.2706,0,2.2353,14.4314,16.9961,6.5176,2.9804,10.8627,14.4471,9.0353,0,5.9608,17.2549,3.0118,0,0,4.0,15.0,I
0,0,11.1765,18.6275,14.902,0,0,11.1765,18.6275,14.902,12.3294,12.9176,16.8941,18.7451,14.9961,20.549,21.5294,20.7059,18.8235,15.0588,16.4392,17.2235,16.5647,15.0588,12.0471,2.0,10.0,I
0,0,0,14.902,14.902,0,5.9608,7.9608,16.9647,14.9647,0,14.902,19.902,20.0588,15.0588,17.4588,19.0275,16.0275,4.0118,3.0118,17.4588,16.0471,12.0471,0,0,3.0,15.0,I
0,0,0,0,0,0,0,0,0,0,12.3294,11.1765,11.1765,11.1765,10.4706,20.549,18.6275,18.6275,18.6275,17.451,16.4392,14.902,14.902,14.902,13.9608,2.0,9.0,I
20.549,18.6275,18.6275,18.6275,14.902,20.549,18.6275,18.6275,18.6275,14.902,20.549,18.6275,18.6275,18.6275,14.902,20.549,18.6275,18.6275,18.6275,14.902,16.4392,14.902,14.902,14.902,11.9216,1.0,14.0,I
0,0,0,3.7255,14.902,0,0,0,3.7255,14.902,6.7059,11.1765,11.1765,13.4549,14.9961,11.1765,18.6275,18.6275,19.9412,15.0588,8.9412,14.902,14.902,15.9529,12.0471,2.0,11.0,I
0,0,0,0,11.1765,0,0,2.9804,18.0078,15.0353,0,9.5176,15.0196,11.2627,6.4,8.8549,16.0353,13.5294,2.2588,0,17.7098,13.0353,0,0,0,4.0,12.0,I
0,0,0,7.451,14.902,0,0,0,7.451,14.902,12.3294,11.1765,11.1765,15.7333,14.9961,20.549,18.6275,18.6275,21.2549,15.0588,16.4392,14.902,14.902,17.0039,12.0471,2.0,11.0,I
0,0,0,1.7451,9.4667,0,0,1.8745,10.5529,14.0235,0,0,9.498,14.2902,0,4.1098,4.502,8.9412,0,0,16.4392,18.0078,3.7647,0,0,5.0,11.0,I
0,0,0,14.902,14.902,0,5.9608,7.9608,16.9647,14.9647,0,14.902,19.902,20.0588,15.0588,17.4588,19.0275,16.0275,4.0118,3.0118,17.4588,16.0471,12.0471,0,0,3.0,15.0,I
0,0,0,0,0,0,2.9804,7.451,7.451,6.9804,0,7.451,18.6275,18.6275,17.451,15.6706,18.4941,18.7843,18.7843,9.5137,15.6706,17.0039,15.0588,15.0588,6.0235,3.0,12.0,I
0,0,0,0,0,0,0,0,5.9608,6.9804,0,0,0,14.902,17.451,0,11.9216,16.9412,19.0275,9.5137,0,11.9216,16.9412,16.0471,6.0235,3.0,11.0,I
20.549,18.6275,18.6275,18.6275,14.902,20.549,18.6275,18.6275,18.6275,14.902,20.549,18.6275,18.6275,18.6275,14.902,20.549,18.6275,18.6275,18.6275,14.902,16.4392,14.902,14.902,14.902,11.9216,1.0,15.0,I
0,0,0,3.7255,16.7843,0,0,5.9608,10.8627,16.0941,0,0,14.902,21.5686,15.0588,16.4392,16.9412,19.0275,7.3255,3.0118,16.4392,16.9412,16.0471,3.0118,0,3.0,11.0,I
0,3.7255,18.6275,18.6275,14.902,0,3.7255,18.6275,18.6275,14.902,6.7059,14.2196,18.7451,18.7451,14.9961,11.1765,21.2157,18.8235,18.8235,15.0588,8.9412,16.9725,15.0588,15.0588,12.0471,2.0,10.0,I
19.5882,18.6275,18.6275,18.6275,14.902,19.5882,18.6275,18.6275,18.6275,14.902,19.5882,18.6275,18.6275,18.6275,14.902,19.5882,18.6275,18.6275,18.6275,14.902,15.6706,14.902,14.902,14.902,11.9216,1.0,12.0,I
0,11.1765,18.6275,18.6275,14.902,0,11.1765,18.6275,18.6275,14.902,13.0941,17.2471,18.7451,18.7451,14.9961,21.8235,21.2941,18.8235,18.8235,15.0588,17.4588,17.0353,15.0588,15.0588,12.0471,2.0,10.0,I
0,14.902,18.6275,18.6275,14.902,0,14.902,18.6275,18.6275,14.902,13.0941,17.9961,18.7451,18.7451,14.9961,21.8235,20.0588,18.8235,18.8235,15.0588,17.4588,16.0471,15.0588,15.0588,12.0471,2.0,15.0,I
20.549,3.7255,0,0,0,18.3529,10.8627,7.451,4.4706,0,15.0588,21.5686,18.6275,11.1765,0,3.0118,7.3255,18.7843,18.251,11.9216,0,3.0118,15.0588,16.0157,11.9216,3.0,16.0,I
0,0,11.1765,18.6275,14.902,0,8.9412,18.251,18.7843,15.0275,3,17.2471,10.2667,7.5294,6.0235,10.2392,12.7765,2.2588,0,0,14.4784,0,0,0,0,4.0,14.0,I
0,0,0,0,7.451,0,0,0,0,7.451,12.3294,11.1765,11.1765,11.1765,12.7333,20.549,18.6275,18.6275,18.6275,16.2549,16.4392,14.902,14.902,14.902,13.0039,2.0,13.0,I
14.9804,0,0,0,0,14.9804,0,0,0,6.3451,14.9804,0,0,0,8.2196,14.9804,0,0,3.3569,12.7216,14.2118,7.451,7.451,11.9686,10.5098,8.0,11.0,J
11.9922,0,0,13.2235,4.9804,12.7451,0,0,3.2588,11.3725,11.2157,0,0,0,4.2353,8.7294,0,0,2.9804,9.6078,5.3647,7.8353,7.451,11.4824,8.502,8.0,15.0,J
2.9961,0,0,13.1294,9.2235,14.9804,0,0,0,8.1098,14.9804,0,0,1.4902,11.1843,14.9804,1.4902,8.7216,14.9922,12.3922,14.7216,11.9922,10.0078,1.5059,0,9.0,9.0,J
2.2431,0,0,7.498,14.9647,11.2157,0,0,0,7.451,11.2157,0,0,7.9922,11.4824,11.2157,1,12.9647,8.5059,1.5059,12.3216,9.1294,6.5176,0,0,9.0,13.0,J
0,0,0,9.098,4,8.9882,0,0,9.098,12.9882,14.9804,0,0,0.7451,9.9765,14.9804,0,8.9412,11.1765,13.051,15.3255,13.5059,14.8392,15.0196,12.3922,7.0,11.0,J
14.9804,0,0,15.1059,6.9804,14.9804,0,0,7.2706,12.6039,14.9804,0,2.9804,9.4667,14.6118,14.9804,0,13.498,14.7529,6.0235,15.3255,13.5059,6.3294,2.2588,0,7.0,11.0,J
4.4863,0,4.6824,14.9961,1.8745,11.2157,0,0.9412,6.1882,11.8667,11.2157,0,2.2353,15.898,16.5176,11.5843,4.9804,9.8824,8.8235,3.2,10.4784,11.8667,2,0,0,8.0,13.0,J
11.2157,0,0,0,0,11.2157,0,0,0,0.7451,11.2157,0,0,0,8.8627,11.2157,3.1725,6,11.2157,12.3608,13.3412,12.8627,9.0196,7.5294,3.0118,10.0,12.0,J
11.2157,0,0,2.4235,1.4902,11.2157,0,0,12.1647,11.4824,11.2157,0,1.4902,13.4196,16.2431,11.2157,2.8157,12.9216,8.5137,3.0118,12.3216,9.1216,4.8941,0,0,9.0,13.0,J
11.2549,0,0,0,0,11.2549,0,0,0.7451,0,11.2549,0,0,8.6353,4.6196,11.2549,2.2353,3.7255,3.7255,11.0118,13.2314,12.9882,14.9804,14.9804,11.6235,10.0,14.0,J
11.2157,0,7.498,16.4863,13.4745,11.2157,0,0,0,8.2039,11.2157,0,1.4902,8.6196,8.7608,11.2157,1,12.451,8.8275,0.9412,9.4667,8.9804,2,0,0,9.0,13.0,J
11.2549,0,0,12.149,1.8745,11.2549,0,0,8.6745,11.0353,11.2549,0,0,0,10.4784,11.2549,0,7.9922,14.9804,14.7373,12.7216,8.2196,8.7686,7.5294,6.0235,8.0,14.0,J
6.7529,0,0,8.9882,9.4235,11.2549,0,0,0,4.302,11.2549,0,0,0,3.7255,11.2549,0,2.9804,6.5529,13.2627,11.4824,8.6196,13.8667,10.1412,6.0235,9.0,14.0,J
11.2549,0,0,6.3608,5.4863,11.2549,0,0,4.5176,9.5176,11.2549,0,0,0,1,11.2549,2.9804,8.6,14.9412,11.9529,13.2314,13.9843,9.7647,7.5294,6.0235,9.0,16.0,J
4.502,0,0,6.7412,9.4824,11.2549,0,0,0.7529,5.3294,11.2549,0,0,0,0,10.7529,10.9882,14.9804,14.9804,10.8627,10.8549,8.5176,7.5294,7.5294,4.5176,8.0,16.0,J
0,0,0,5.8706,5.0118,5.9922,0,0,3,10,14.9804,0,0,0,4.9804,14.9804,1.4902,4.502,12.8941,13.0824,11.4824,11.4824,10.5098,7.9059,6.0235,9.0,11.0,J
11.2157,0,0,0,11.9608,11.2157,0,0,0,11.8824,11.2157,0,0,0,7,11.2157,0,2.9804,16.9412,5,13.9961,11.1765,12.7098,11.0118,1,6.0,13.0,J
14.2431,14.9804,19.2863,15.3647,11.9843,0,0,10.7294,0,0,0,14.4471,8.8627,0,0,1,10.4431,12.9961,6.5529,0.7451,7.8196,2,1.5059,10.1412,8.4863,9.0,15.0,K
9.3569,16.4706,19.498,14.9804,11.9843,0,5.2863,8.8667,0,0,0,7.4745,11.9137,4.3059,2.2353,2.8157,6.8157,3.3882,11.6235,10.8706,6.8627,1.8824,0,0,0,10.0,15.0,K
11.2314,11.2157,12.8471,11.7255,8.9882,3.0118,9.5137,8.1412,2.2588,0,0,7.6314,12.6902,1.8745,0,0.9373,8.3647,3.3843,9.4235,5.9255,3.7569,3.7569,0,0,1.8745,11.0,15.0,K
11.2314,11.2157,17.3765,13.4824,8.6118,3.0118,5.6392,8.0588,3.7647,1.5059,0,8.6863,4.749,0,0,1,10.5725,9.5922,4.502,1.4902,4,2,0,6.7529,9.4824,11.0,16.0,K
8.4353,9.9412,12.3137,11.9843,8.9725,2.2588,13.4196,9.7137,0,0,0,8.3216,8.4,10.1255,4.7333,7.5137,4.698,0,1.5059,6.2549,9.0118,3.2,0,0,0,12.0,13.0,K
14.2431,15.7255,17.7333,14.9804,10.8706,1.4902,9.4902,3.498,0,0,2.2353,19.1451,4.9961,0,0,2.5529,7.2235,5.5333,4.6588,2.6196,10.7294,1.8824,0,3.7569,8.7451,11.0,16.0,K
14.2431,14.9804,18.2314,16.3059,11.9843,0,1.7098,5.7255,0,0,0,8.4196,12.8392,9.5451,3.5608,2.8157,7.6314,0,6.4,8.6275,3.8824,3.7647,0,0,0,10.0,14.0,K
10.0941,11.2157,15.5961,13.4902,8.9725,0,1.8784,7.5176,0,0,0,11.8,8.4078,6.4941,3.2353,3.7569,4.698,1.5059,4.2588,8.4902,4.698,0.9412,0,0,0,15.0,13.0,K
12.7373,14.9804,18.0941,18.9961,11.9843,0,1.4902,15.2,10.4784,0,0,4.4314,16.7373,11.0039,9.9922,0.9373,9.1255,7.6471,0,1.5059,6.5804,10.9647,0,0,0,11.0,10.0,K
10.3765,11.2157,17.9725,13.6627,8.9725,0,5.0627,13.6902,3.2353,0,0.9373,8.3216,4.0118,9.7529,8.7294,4.7098,2.8196,0,0,0,4.7804,0,0,0,0,15.0,15.0,K
14.2431,15.7255,19.9137,12.4784,8.9725,0,4.3059,15.5137,9.898,6.0235,0,5.8824,1.8824,6.9412,2.8157,3.498,6.7529,0,1.8824,7.6314,4.9961,1.5059,0,0,0,10.0,15.0,K
12.3529,11.7255,9.9725,4.2353,2.9804,0,6.7765,12.0353,17.2235,15.702,0,0,0,2.2588,9.3412,0,0,0,0,7.451,0,0,0,0,5.9608,9.0,13.0,L
18.3529,18.7059,18.7059,18.7059,15.3882,3.0118,3.7647,3.7647,3.7647,7.1647,0,0,0,0,4.5647,0,0,0,0,9.8353,0,0,0,0,8.9725,8.0,14.0,L
10.0941,10.8784,14.9804,14.9804,14.2118,6.7765,2.2588,0,0,8.0314,0,0,0,0,9.3412,0,0,0,0,10.7843,0,0,0,0,6.502,9.0,13.0,L
16.2706,18.7059,18.7059,18.7059,15.702,2.2588,3.7647,3.7647,3.7647,9.3412,0,0,0,0,7.451,0,0,0,0,7.451,0,0,0,0,5.9608,8.0,13.0,L
2.9804,7.451,10.8627,18.7059,10.8627,15.3137,15.5843,6.5725,3.7647,12.2,1.5059,0,0,0,11.2549,0,0,0,0,11.2549,0,0,0,0,8.502,8.0,13.0,L
14.2431,14.9804,14.9804,14.9804,13.098,0,0,0,0,3.7255,0,0,0,0,3.7255,0,0,0,0,3.7255,0,0,0,0,2.9804,10.0,15.0,L
12.3529,14.9804,14.9804,14.9804,14.2118,0,0,0,0,7.451,0,0,0,0,7.451,0,0,0,0,7.451,0,0,0,0,5.9608,11.0,12.0,L
3.9176,5.4784,10.9725,13.9843,14.2118,16.2706,16.4824,9.0353,0,7.451,2.2588,2.2588,0,0,7.451,0,0,0,0,7.451,0,0,0,0,5.9608,9.0,12.0,L
7.8353,12.9725,18.7059,18.7059,15.702,10.6941,6.5098,3.7647,3.7647,9.3412,0,0,0,0,7.451,0,0,0,0,7.451,0,0,0,0,5.9608,8.0,12.0,L
0,0,3.3569,15.3333,10.8627,3.9176,6.3765,14.6549,8.8314,12.2,14.6118,9.3882,0,0,9.8431,2.2588,0.7529,0,0,9.3412,0,0,0,0,6.5412,8.0,13.0,L
7.8353,7.451,7.451,8.4706,13.9608,14.6118,18.7451,18.7451,15.2471,11.7255,2.2588,3.7647,3.7647,2.2588,7.451,0,0,0,0,7.451,0,0,0,0,5.9608,7.0,12.0,L
16.8471,18.7059,18.7059,18.7059,15.702,6.7765,11.2941,11.2941,11.2941,13.1216,0,0,0,0,7.451,0,0,0,0,7.451,0,0,0,0,5.9608,6.0,11.0,L
14.2431,14.9804,14.9804,14.9804,12.3608,0,0,0,0,6.4941,0,0,0,0,3.9804,0,0,0,0,3.7255,0,0,0,0,2.9804,9.0,16.0,L
18.3529,18.7059,18.7059,18.7059,15.3333,3.0118,3.7647,3.7647,3.7647,6.1765,0,0,0,0,3.7255,0,0,0,0,3.7255,0,0,0,0,2.9804,8.0,14.0,L
0,0,0,5.9608,9.6,0,2.7451,12.9765,15.0157,9.1765,9.7059,13.749,5.0118,0,8.7294,10.5608,2.7529,0,0,11.2157,0,0,0,0,8.9725,8.0,14.0,L
0,0,1.4902,8.4706,13.9608,11.7529,11.7529,15.0196,15.2471,11.7255,8.4353,9.9412,4.5098,2.2588,7.451,0,0,0,0,7.451,0,0,0,0,5.9608,7.0,12.0,L
16.2706,18.7059,18.7059,18.7059,11.4824,4.5176,7.5294,7.5294,7.5294,11.4824,0,0,0,0,9.9922,0,0,0,0,11.2549,0,0,0,0,9.5686,7.0,13.0,L
14.2431,14.9804,14.9804,14.9804,13.098,0,0,0,0,3.7255,0,0,0,0,3.7255,0,0,0,0,3.7255,0,0,0,0,2.9804,11.0,14.0,L
16.2706,18.7059,18.7059,18.7059,15.702,2.2588,3.7647,3.7647,3.7647,9.3412,0,0,0,0,8.6039,0,0,0,0,10.1412,0,0,0,0,9.0039,8.0,12.0,L
8.8196,15.4,16.4706,14.9804,9.3804,13.2157,15.3647,11.6314,8.2353,0.7529,0,0,1,11.7608,1.5059,1.8745,6.9373,9.5137,2,0,9.098,15.0353,7.451,7.451,5.9608,10.0,12.0,M
0,0,4.4706,10.4824,5.502,8.8471,9.3647,10.5098,4.7569,0,12.102,11.6235,2.8745,0,0,0,0,5.9961,0,0,3.8353,10.8863,9.451,7.451,5.9608,12.0,14.0,M
0,1.4902,8.7216,11.4941,5.502,14.0078,15.6706,10.9333,3.0118,0,3.0118,8.2745,12.1098,0,0,0,7.6314,4,0,0,8.2784,11.2078,7.451,9.3725,9.0039,12.0,15.0,M
19.0902,17.4706,14.9804,14.9804,12.7373,5.5059,11.749,10.4784,4.2431,0,0,0,5.5176,10.5059,0,2.2353,5.4353,9.5137,2,0,14.0941,15.4118,7.451,7.451,5.9608,10.0,12.0,M
2.2353,3.9176,5.8157,6.4941,8.8824,16.0784,14.8118,7.1059,2.2588,0,0,2.7804,6.5608,9.2706,2.498,0,2.2353,4.498,8.3059,3.498,5.6157,15.6784,15.6157,11.2157,6.4863,15.0,13.0,M
6.3451,10.1412,10.0039,9.9725,9.349,15.149,11.1725,8.1529,0.8902,0,0,1.2235,8.5647,9.1216,4.7137,0,0,0,3.7569,10.698,0,3.8118,10.5451,12.3765,6.902,12.0,15.0,M
18.2235,14.9804,14.9804,14.9804,12.3608,3.8784,7.7569,0,0,0,0,3.8784,6.8706,0,0,0,1.8784,6.6275,0,1.4902,5.702,12.8706,9.3333,7.8353,9.749,11.0,18.0,M
0,0,1.4902,9.4824,10.3059,6.6431,9.2275,10.1255,7.0078,1.5059,16.4627,5.6196,0.7451,0,0,1.8824,8.6314,9.8902,0,0,0,8.5216,11.498,4.4706,0,12.0,13.0,M
0,0,3.3647,6,8.9255,2,5.7804,9.1255,3.7569,0,13.7176,11.7843,8.5412,2.9804,0,3.0118,3.902,9.4471,8.3922,0,0.9333,9.4706,9.3412,3.8706,0,14.0,16.0,M
0,0.7451,3.7255,6.9765,12.3608,13.1686,17.4431,17.2157,7.0078,1.5059,8.8667,11.5608,13.0039,8,0,2.902,7.2471,11.298,3.4902,0,11.1373,16.6118,14.9804,10.9725,2.9804,11.0,13.0,M
0,0,0,3.7451,9.9882,2.9804,8.2196,6.5765,7.1843,0,10.251,11.1647,6.3059,0,0,0.7451,6.9765,10.6745,0.7529,0,11.6118,10.7333,5.2314,8.4745,8.9725,14.0,14.0,M
11.8745,10.5216,7.3059,11.2157,9.7255,13.102,12.6824,10.0941,0,0,0,0.9373,12.2314,0,0,5.6392,8.4588,2.8196,0,1.4902,14.698,10.3137,8.7216,8.7529,2.498,12.0,13.0,M
1.4902,7.451,7.451,10.2431,9.9373,15.4078,14.7922,9.9176,4.7569,2.2588,3.0118,4.3216,11.6745,7.6784,0,1.8745,7.5059,8.6078,4.2431,0,8.2824,10.2667,7.451,7.451,4.4706,13.0,14.0,M
0,0,2.2353,4.3059,6.3059,9.8667,15.2745,12.9373,7.3176,0.9412,3.0118,4.3216,12.4196,4.9961,0,0,2.8196,8.3098,3.498,0,8.2941,10.3098,5.051,8.6078,8.9725,15.0,14.0,M
10.6196,11.4667,11.2549,11.2549,8.4902,9.4627,13.0549,9.8078,7.9765,0.7529,0,0.9373,9.8,8.4549,0,7.9922,9.5725,2.8196,0,0,9.7294,8.2039,9.3725,11.2549,9.0039,12.0,13.0,M
8.3137,18.7255,18.7059,15.7255,12.7373,2.4471,5.8235,11.2549,12.2431,7.9765,0,0,0,1.5059,12.4824,0,3.7059,4.6706,8.4039,6.1333,9.3725,7.5137,0,0,0,11.0,12.0,N
9.6392,12.2902,11.6784,11.6314,8.2588,9.0706,8.6078,9.9843,14.502,5.4863,0,0,0,1.5059,10.4824,2.9804,8.2275,10.5176,6.0314,5.8902,9.502,6.3725,4.1412,0.7529,0,13.0,12.0,N
4.2118,3.7255,4.1255,7.3765,10.9882,13.8902,19.3961,17.9686,11.8471,2.2431,0,3.149,6.0314,11.2549,11.3176,0,2.4275,5.8157,6.3686,8.0824,2.9804,11.3569,8.651,4.5176,0,11.0,13.0,N
0,0,3.4902,6.4314,5.5647,14.5529,12.8627,7.4863,3.2588,0,4.702,6.3686,5.8118,6.9294,7.9843,0,0,1.7804,4.6706,7.4863,0,2.8196,6.3804,7.3412,0,16.0,14.0,N
0,0,1.6824,4.8157,8.7333,3.5059,14.8078,14.102,5.051,0,1.5059,3.902,6.0314,12.6275,7.8392,0,2.7804,5.9961,8.3059,1.8784,6.6157,6.5373,2.7804,0,0,15.0,13.0,N
1.4902,3.7255,3.9176,4.8196,8.7333,16.6,19.9333,16.8078,5.6392,0,4.5176,5.8118,6.9333,5.8118,9.3412,0,1.8784,8.6118,10.6353,6.2196,6.6157,7.5176,4.1412,0.7529,0,14.0,12.0,N
15.2,16.498,12.2549,11.2549,7.8824,0,4,8.3804,7.8824,0,0,0,1.5059,7.1608,9.3804,0,0,2.2353,4.3059,9.8706,1.6824,6.5647,10.5098,7.3176,0.9412,14.0,14.0,N
0,0.7451,4.3098,9.6196,6.3843,11.498,15.2745,18.3765,3.3725,0,5.7569,4.5843,6.3843,5.8745,6.502,0,0,1.8745,8.6078,9.749,0,4.9882,7.8745,4.1373,1.5059,14.0,16.0,N
0,0,2.9804,9.4706,5.502,14.0784,14.0784,15.1569,10.3373,0.7451,0,0,0,5.0667,9.5333,0,0,3.749,10.5098,6.7765,3.7412,7.4118,4.6549,4.1373,0.7529,13.0,14.0,N
5.9608,7.451,8.7216,10.3725,5.6314,13.5922,16.4784,16.2941,10.8667,2.4275,0,0,1.5059,4.1373,9.1176,0,0,1.4902,7.9608,6.6196,0,6.4706,6.3137,6.9922,1,13.0,15.0,N
16.098,15.7255,14.9804,14.9804,9.3804,7.3843,9.7725,9.0039,4.4706,0,0,0.9412,6.0078,10.5176,10.4863,0,3.2353,6.4941,7.4902,8.3725,5.4902,12.9882,8.5176,7.5294,1.5059,11.0,12.0,N
5.3647,7.4902,7.4902,7.9843,9.9765,13.9412,17.4706,17.2941,3.3804,0,0,3.0118,4.5098,7.302,8.7451,0,0,2,9.3137,5.2549,0.9373,6.5686,7.6392,1,0,14.0,11.0,N
1.4902,7.451,7.451,8.7216,12.3608,14.5922,16.6078,18.4627,12.0549,4.502,0,0,3.0118,5.8235,11.702,0,0,0,6.5686,7.1765,4.8549,7.4196,4.6706,3.7059,0,13.0,11.0,N
2.7451,6.9922,7.4902,8.4824,10.1255,10.7255,9.7922,4.6549,1.5059,0,0,3.7804,5.2078,5.8118,5.9176,0,0,3.6706,5.749,8.4353,4.3098,4.7216,8.2314,3.5608,0,16.0,13.0,N
15.4353,14.9804,15.349,14.2118,3.3647,11.2157,0,0,2.6275,10.7608,11.5843,0,0,0,7.9608,9.9255,6.0549,0,1.4902,9.7255,0,9.9922,7.9608,11.451,5.3725,11.0,13.0,O
7.1608,8.2431,10.502,7.9255,3.5569,14.2275,0,0,1.8745,9.6196,10.9882,0,0,0,3.7255,9.051,5.0118,0,0,3.9804,2.4902,12.4627,5.6,8.4745,7.2431,14.0,14.0,O
0,5.4941,7.7412,10.251,7.9333,5.4902,10.0157,1.5059,0,8.4706,11.5451,1.9412,0,0,7.451,9.9725,0,0,2.8196,6.4314,5,5.2353,5.2353,6.8196,0.9412,14.0,13.0,O
1,5.498,9.2588,11.0039,5,7.9569,2.7529,0,0,3.9804,11.5922,0,0,0,3.9176,8.8745,0,0,1,5.8196,5.1176,9.498,3.9804,6.7451,1,15.0,14.0,O
2,9.502,8.7294,9.9725,6,11.9333,3.5059,0,0,7.9608,16.8627,0,0,0,7.9608,12.9882,0,0,6.4863,9.0118,5.9333,10.3765,9.3412,9.498,1.5059,12.0,10.0,O
0,8.502,8.7373,9.9804,8.502,7.749,5.5059,0.7529,0.7529,9.4667,18.3686,0,0,0,2.9804,14.9804,0,0,0,6.9804,6.9961,7.9608,8.4706,9.7529,4,12.0,11.0,O
1.4902,8.502,11.2549,11.9922,7.1255,12.4078,7.5098,0,0,7.9608,12.9098,0.7529,0,0,7.451,9.9725,0,0,0,9.1529,7.7451,6.1176,5.7333,10.7294,6.3216,15.0,12.0,O
13.7843,12.4706,13.9843,8.4863,1,13.4235,0.9882,0,6.4863,5.9961,11.2157,0,0,0,9.9882,9.9725,0,0,1.7098,8.6078,6,7.9608,7.8353,12.0706,5.098,11.0,12.0,O
0,7.7294,12.2353,14.6118,6.8706,14.149,8.6078,0.7529,1.5059,9.4667,13.4353,0.9882,0,0,7.451,9.9725,0,0,1.4902,9.5961,6,7.9608,7.451,10.9725,4.9961,11.0,13.0,O
0,2,9.502,9.9725,9.4667,4.8667,9.7961,3.5059,0,7.451,16.9569,3.8824,0,0,7.451,8.7294,0,0,0,8.4706,8.4902,8.5882,7.451,9.9922,5.251,12.0,12.0,O
2.7451,7.2431,10.7529,11.9922,8.7373,13.5373,2,0,0,7.451,12.4863,0,0,0,7.451,7.3098,0.7529,0,1.4902,10.4471,7.7412,6.8627,3.7255,9.7176,5.9216,14.0,12.0,O
9.2275,8.7294,11.2157,9.9725,1,14.8902,8.0235,3.7647,4.0118,7,11.2549,0,0,0,4.3569,11.1804,0,0,3.8196,7.4392,8.6039,8.2196,8.4706,7.6392,0,11.0,14.0,O
2.7137,12.9137,14.9804,15.7176,7.9922,12.4549,3.4314,0,0,8.7137,8.8,0,0,0,7.3647,7.0667,1.7529,0,4.251,4.5725,6.9804,9.8353,7.451,9.4824,1.5059,11.0,13.0,O
1.4902,9.498,11.2549,11.2549,8.7451,14.4471,5.5098,0,0,7.8353,11.2157,0,0,0,8.6196,11.2157,0,0,0,8.2627,7.4863,2.4902,2.2353,6.2118,3.7608,16.0,12.0,O
14.9569,18.7059,19.4431,19.8275,16.0941,17.2392,7.5294,12.7373,15.4039,6.0235,14.9804,0,9.2392,4.251,0,15.6157,0,9.3961,0,0,11.6667,13.2824,4.8824,0,0,7.0,11.0,P
1.4902,8.4745,11.2157,11.2157,11.4667,10.102,13.8941,12.7843,14.2745,4.5176,12.5333,0.9412,4.1098,11.2314,0,11.7569,3.2588,5.4314,9.749,0,6.9804,9.8353,10.4784,3.0118,0,9.0,13.0,P
5.4863,10.1176,13.8667,14.9804,12.7373,11.7412,3.0118,2.2431,0,0,11.4,0,7.9843,1.5059,0,10.3608,4.4902,7.4902,7.5294,0,0,9.9922,9.9765,3.0118,0,10.0,13.0,P
11.5922,18.7059,20.4784,18.7059,15.5294,15.9373,11.2941,17.5922,11.2941,9.0353,11.2549,0,11.2157,0,0,11.7098,0,11.2157,0,0,7.6863,11.9412,12.3373,0,0,6.0,15.0,P
10.8392,18.7059,18.7059,18.7059,15.5294,13.5529,11.2941,14.2745,14.2902,9.0353,10.7529,0,8.5804,8.0549,0,11.2549,0,12.3765,5.451,0,14.5804,11.1765,14.4157,3.2,0,6.0,14.0,P
2.7451,12.6627,20.3843,14.9804,12.7373,13.098,15.9961,8.8235,0,0,11.4039,7.4902,7.5294,0,0,9.9725,7.4902,7.5294,0,0,6,9.9765,3.0118,0,0,9.0,12.0,P
7.7412,16.7451,9.051,7.451,6.3373,12.2588,7.8039,14.7804,19.3098,15.3725,7.2471,0,11.2588,3.9529,3.0118,7.4902,0,11.2157,0,0,11.2039,11.1765,10.4784,0,0,7.0,17.0,P
4.4706,7.451,12.8314,19.7412,16.0941,16.2902,15.0196,17.5137,10.2824,3.0118,11.2157,0,7.4902,7.5294,0,12.6039,2,7.4902,7.5294,0,5.5059,8.4706,9.4667,3.0118,0,8.0,13.0,P
0.7451,3.7255,5.8039,10.4863,11.2471,6.9961,14.9804,14.6275,6.7765,0,10.7529,0,6.9922,3.0118,0,11.0039,0,9.1059,0,0,10.3451,7.9608,10.251,0,0,10.0,15.0,P
5.6078,19.4588,18.7059,18.7059,15.5294,11.7843,4.1412,8.2627,3.7647,3.0118,12.0078,0,5.9961,0,0,11.9922,6.7294,5.8706,0,0,12.3529,12.2039,3.7569,0,0,8.0,14.0,P
7.9922,15.3569,16.4784,15.7333,12.3608,12.7608,0,7.8667,3.7647,0,11.2549,0,10.298,0.7529,0,11.2549,3.902,10.4863,0,0,12.7216,9.2471,1.8824,0,0,9.0,15.0,P
1,8.8745,16.6588,17.7882,12.3608,5,5.2588,8.5804,8.6196,0,11.4941,0,7.451,7.4902,0,11.6314,0,8.9961,5.251,0,11.2314,1.4902,8.7451,1.8824,0,9.0,16.0,P
6.9961,14.9804,17.9608,17.9843,12.3608,10.7529,0,7.451,7.4902,0,11.2549,0,9.2314,5.749,0,10.851,0,10.0039,3.0118,0,8.4549,8.2196,6.8627,0,0,10.0,14.0,P
1.4902,8.4745,11.2157,11.2157,11.4667,9.7255,13.8941,11.2941,11.2941,4.5176,9.1137,0.9412,2.9804,8.9725,0,9.9725,0,4.7451,8.2431,0,7.2392,7.8353,7.4902,0,0,9.0,13.0,P
5.4902,17.3333,20.1961,10.7216,5.9608,12.2824,7.1765,16.4941,8.7608,13.4039,11.2157,3.7255,14.9804,0,0,11.2157,4.2353,12.9882,0,0,12.3216,8.4706,4,0,0,8.0,12.0,P
1.4902,7.451,7.451,7.451,8.5725,13.102,15.0196,16.5098,16.702,12.2039,12.0078,0,2.9804,10.6941,0,10.0078,3.749,0,11.4471,0,3.7569,8.7294,7.451,7.9922,0,8.0,14.0,P
5.6078,19.4588,21.1765,20.1333,13.9294,6.3725,8.2824,15.6235,10.651,9.4824,9.4863,0,11.2549,3.7647,0.7529,11.8588,0,11.2549,3.7647,0,12.3725,11.1765,14.0392,3.0118,0,7.0,14.0,P
3.4824,10.6196,13.8667,13.9843,7.6392,10.8549,2,0,0,6.0235,11.9922,0,2.9804,4.9961,7.2314,11.9608,0,1.4902,10.9647,13.9333,12.0549,7.451,10.9725,9.9922,1.8745,11.0,14.0,Q
6.6078,12.6196,14.9804,13.4157,3.9333,14.9843,2.2588,0,4.302,11.8314,11.6314,1.4902,12.0078,6.1098,8.7529,11.2549,0.7451,9.5333,17.6078,6.7333,11.4824,9.4667,12.7451,4.8941,8.502,9.0,15.0,Q
11.7961,7.3059,11.2157,8.7294,1,14.6588,0,0,2,8.4863,10.5176,0,4.2431,0,11.6549,8.3686,10.7373,13.2157,11.9882,6.2196,0,1.5059,3.7647,2.6314,5.9373,14.0,15.0,Q
1,7.6314,5.5098,7.3804,2,6.6235,1,0,3.9804,10.9725,13.7608,0,2.9804,6.7216,11.2157,8.3725,6.3725,8.9804,12.0196,10.4667,0,4.5176,7.5294,1.5059,5.3608,16.0,16.0,Q
0,5.6392,8.2471,9.9725,5,7.1255,9.1451,0.9412,0,10.9725,14.8314,0,0,2.2431,11.9686,10.9882,0,0,7.4863,16.4824,7.9765,7.451,8.6196,5.702,4.6824,13.0,14.0,Q
4.2275,4.5608,11.5529,14.9804,9.2392,15.7412,7.2549,1.6824,0.7451,11.7176,13.4039,2.9804,12.4314,14.4157,6.9961,11.851,11.2157,9.8588,13.8902,4.4706,3.0118,7.5294,1.5059,1.5059,7.5059,10.0,14.0,Q
0.9373,6.8157,13.9843,12.4902,4.2392,12.9294,2.8157,0,0.8588,8.3647,14.0078,0,0,0,3.9804,13.7255,0,0,8.9922,6.2353,8.8784,8.6196,8.2196,13.6235,11.6235,11.0,14.0,Q
0,4.6941,8.6078,7.3059,4.6941,10.8078,3.7608,0,0,6.4235,7.7176,0,2.9961,1.5059,6.8588,10.9647,7.451,11.4471,14.9255,7.0392,5.4941,7.4902,7.4902,5.4471,5.7216,13.0,18.0,Q
2.9804,7.7333,11.2157,9.9882,6.502,12.7176,5,0,1.5059,8.498,11.2549,0,5.4314,5.1725,5.498,10.7529,0,10.1569,13.6118,5.4902,8.1843,11.2549,6.0706,1.9412,5.9882,13.0,16.0,Q
6.502,9.7529,9.9725,9.6196,3.0118,16.902,3.2588,0,5.6784,10.2353,12.6588,0,8.6275,8.8196,6.2431,11.2549,0,3.0118,13.9843,4,10.5961,7.451,7.1216,5.2471,5.6196,13.0,16.0,Q
0,6.0078,8.7373,9.6667,0,6.9529,5.6314,0.7529,4.4902,8.4863,11.9294,0,0.7451,5.6627,10.9725,7.498,0,0.7451,13.6941,6,5.9333,8.9137,8.6784,4.6314,5.6196,12.0,17.0,Q
8.6196,7.4392,7.3059,8.3647,4,12.8706,3.4471,0,3.9804,10.9725,7.4902,0.7451,6.0039,5.4353,7.8745,7.4902,0,6.7686,13.9137,4.4706,8.8824,8.6118,7.5176,5.3451,7.1216,13.0,17.0,Q
16.4784,4.8863,6.5373,13.8667,12.2314,16.1176,9.2627,2.7804,0,3.9804,16.6902,2.8235,0,0,6.7451,10.1333,0,7.3529,10.2627,4.9373,7.9765,7.451,9.4118,10.7373,7.3647,11.0,15.0,Q
0,2.9725,9.6627,11.1804,6.6078,9.6902,5.8784,0,0,6.4941,14.7804,0,4.3176,5.6353,7.4902,10.1255,0,0,5.8784,12.9255,9.902,3.7255,4.3804,4.8902,0.9373,14.0,16.0,Q
0,3.749,9.2431,11.2157,6.2431,2.9373,6.8745,1.8784,0,3.9804,10.0078,3.0118,7.9922,5.6784,5.5608,13.5843,0,2.9804,14.1843,10.8824,8.1765,8.4706,8.6196,6.9922,3.9412,13.0,14.0,Q
0,1,7.4863,10.9961,8.2471,4.1176,5,2,0,3.7255,8.4235,2.7451,0,0,3.7255,5.8157,0,1.4902,6.2392,5.7451,8.6824,3.9804,4.0784,11.7569,9.851,14.0,17.0,Q
1.4902,14.7137,19.0745,17.7882,4.5176,6.8039,9.8078,15.5059,4.7569,0,8,3.7255,11.4902,8.749,0,11.0039,4.102,7.8667,5.5098,5.749,12.7216,10.4627,5.2549,0,4,8.0,16.0,R
11.4824,18.7059,18.7059,19.2706,8.8235,12.5098,3.7647,9.2275,4.5176,0.7529,12.7373,0,16.1843,4.5059,0,6.1333,11.6235,10.2392,8.7569,4.8549,0,3.0118,1.5059,3.7569,9.8667,8.0,15.0,R
12.2431,14.9804,16.8549,15.9216,12.3608,11.2549,0,8.9216,6.3255,0,11.7451,3.9804,8.7294,9.8863,0,3.5059,13.9843,11.2471,4,4,0,0,0,0,6,10.0,15.0,R
4.7333,11.2157,12.5059,11.6471,9.9529,12.7412,7.5294,13.851,12.898,3.0118,6.6275,0,7.4902,4.8196,5.6392,9.2627,10.8471,7.2392,1.8745,6.749,0,6.0235,1.5059,0,3.4902,10.0,16.0,R
11.4824,18.7059,19.4431,19.0745,15.5294,12.5098,3.7647,14.2667,12.7765,3.0118,11.2549,0,11.2549,16.1255,0,12.2431,11.6235,12.1176,12.1333,3.5059,3.0118,8.6431,6.8706,2,7.4902,8.0,14.0,R
1.6824,8.6078,12.9255,11.6118,3.0118,11.6078,8.2745,16.1804,9.4745,0,12.3765,0,11.2549,11.7529,2,12.4941,11.2157,10.9882,3.5059,6.8196,1.5059,7.5294,3.0118,0,3.8745,10.0,16.0,R
0,5.9608,9.1059,10.8863,9.2431,13.3412,11.749,19.4745,9.0784,2.2588,9.9922,10.8784,12.2196,11.4941,0,0,0.7529,0.7529,4.7569,3.7569,0,0,0,0.9373,7.7922,12.0,15.0,R
3.3647,13.1216,21.3176,21.5412,15.5412,12.1922,4.3255,16.4784,8.9529,3.0118,12.3608,0,10.4863,7,0,12.7451,15.3569,8.3843,4.4902,6.502,3.0118,7.5294,1.5059,1.4902,9.9922,8.0,15.0,R
3.2431,10.7294,13.9843,14.9804,12.3608,12.4196,2.2588,9.9922,5.5059,0,10.7216,12.9882,15.1216,10.7647,2,0.7529,4.2588,7.1961,1.7529,7.6392,0,0,0,0,3.4902,11.0,14.0,R
0.7451,3.9647,11.9412,12.5961,11.2471,5.7412,19.6353,19.5412,6.8941,0,12.2471,6.851,11.3686,6,2,12.6157,7.2157,10.0039,3.2353,9.7529,3.5059,12.9882,2,0,6,9.0,15.0,R
6.9961,14.9804,11.9098,11.2157,8.9882,11.1216,0,13.7569,10.5294,4.5176,11.251,4.6118,8.2431,8.502,0,2,13.7412,5.2549,6,4.7451,0,0,0,0,7.3647,10.0,14.0,R
16.4784,14.9804,14.9804,13.8667,3.0118,11.2549,1.4902,3.4902,0,0,14.9725,9.7255,11.7373,6.7529,0,13.1451,8.0078,1.5059,6.6314,2.7451,0,0,0,2,8.9961,9.0,16.0,R
11.1686,14.9804,18.5765,16.1098,4.8784,7.3686,0,15.9294,5.0039,0,7.1843,4.1137,13.8275,5.9961,0,3.3882,12.7451,11.2471,5,1,0,0,0,2,5.7569,10.0,19.0,R
0.7451,5.4784,11.2157,10.8471,9.0118,7.2392,12.4941,10.7059,10.4549,0,10.7373,0,7.8667,11.1412,1,11.0039,0,6.9922,5.0118,7.6392,7.7569,7.8353,7.4902,0,5.749,10.0,15.0,R
10.2353,14.9804,17.7882,15.9216,12.7373,11.2157,0,13.7216,4.7647,0,12.8902,0.7451,11.6784,9.3569,0,12.3529,10.6353,8,7.749,3,0,0,0,0,6,10.0,12.0,R
8.0471,16.102,17.7255,14.9804,12.3608,13.6784,3.7255,14.7373,0,0,11.6314,5.7412,8.7569,6,0,17.5922,16.2745,3.0118,6.6824,0.9373,6.0235,6.0235,0,5.2392,7.498,9.0,15.0,R
6.1647,12.2353,14.7294,4.251,2.2353,13.5529,2.2588,3.7255,11.2549,3.7255,11.0039,0,3.7255,11.2549,4.1098,11.2549,0,5.4275,6.1882,6.0039,10.1333,0,5.2392,10.4784,9.9765,9.0,15.0,S
16.4784,13.9843,3,0,2.2353,11.2549,0,5.9961,0,3.7255,9.7647,0,7.4902,2.9804,9.098,10.8471,0,13.2745,16.102,7.7608,10.9412,1.5059,4.5176,4.5176,0,9.0,16.0,S
11.349,15.349,5.8118,0,4.1098,10.502,0,4.698,0,3.7255,10.7529,0,4.7176,0,4.502,10.4235,0,5.6706,1.8549,6.4039,0,0,4,10.7059,8.3137,9.0,16.0,S
2,12.3569,8.3765,0,0,10.502,4.5059,10.4863,0,2.9804,8.6275,2.2588,6.1255,3.7647,7.451,6.0039,0,3.7529,12.8941,10.8667,12.4471,1.5059,0,8.6353,9.7647,9.0,13.0,S
5.7569,13.1765,6.0275,0,5.6078,10.7529,0,4.6941,0,10.7412,11.2549,0,8.6275,2.2588,4.2353,11.2549,0,9.9922,5.0039,3.7255,11.4353,0,2.9804,9.4667,7.9608,10.0,14.0,S
2.8745,10.6353,4,0,0,8.251,0,10.7294,0,0.7451,11.2549,0,7.2667,0,6.1098,11.2549,0,4.7804,3.4902,11.4941,10.0078,0,3.4902,12.6118,3.5059,10.0,15.0,S
12.6039,13.7333,4.9961,0,0,11.2549,1.4902,5.3765,0,4.9059,11.2549,0,7.4392,4.9961,12.549,11.2549,0,0,8.3647,7.8824,12.4745,4.5176,0,0,0,15.0,14.0,S
7.4824,9.4863,2.7529,0,0,11.4039,3.2353,9.6353,0,5.9608,11.2157,0,9.7569,0,7.451,11.2157,0,11.2157,0,8.4706,7.7294,0.7529,6.7765,7.9059,7.7412,12.0,13.0,S
5,12.9882,7.6078,0,4.4706,7.4863,0,12.3686,0,8.4706,11.2157,0,7.2392,3.0118,8.502,6.0039,0,7.298,17.6235,4,7.1137,1.8745,1.5059,4.5176,0,9.0,13.0,S
14.5804,17.2078,1.5059,0,2.9804,12.9098,7.8941,4.5137,0,7.451,11.2157,4.1098,8.6275,0,7.451,11.2157,3.7255,13.4824,0,8.4706,9.3412,1.4902,13.2471,8.4706,10.3686,8.0,13.0,S
0,0,0,3.749,9.9922,1.4902,3.7255,0.7451,0,7.2314,12.7294,16.0941,8.6275,0,3.9137,12.0078,3.7255,11.2549,1.7451,8.3725,8.502,2.9804,13.1059,10.6353,2,10.0,15.0,S
11.2235,14.9804,7.9961,0,2.2431,9.7647,0,5.9333,1.5059,7.2314,11.2549,0,6,0,3.7255,11.8196,0,10.7176,0.7451,6.0078,5.6314,0,4.9961,10.3608,10.9412,10.0,15.0,S
0,4.4706,1.4902,0,7.6627,5.0353,18.5176,6.5608,0,10.8627,13.1922,7.6941,6.6863,3.4902,8.502,11.2549,0,12.5137,12.4706,2,9.0039,0,9.949,8.0078,0,7.0,14.0,S
1.4902,3.7255,0.7451,0,7.451,10.9882,11.2549,10.7373,0,7.451,8.6118,0,8.6118,0,7.451,7.0667,1.7529,5.9961,5.6157,9.451,6.9804,8.4706,4.8706,15.749,9.9922,11.0,13.0,S
10.102,19.0824,7.7412,0,8.2196,12.9255,7.9059,8.5059,0,8.2196,11.4039,0,6.9922,6.0235,7.451,7.4863,0,8.0431,15.3412,13.451,7.7529,2.2588,3.9412,15.4039,8.0078,7.0,13.0,S
4.298,11.4039,4.9882,0,4.102,10.0627,3.9529,8.4941,4.9961,3.7255,6.9922,0,5.7412,5.0039,3.7255,6.3137,0,6.9922,4.7569,4.7255,0,0,2,10.7294,8.9961,11.0,17.0,S
13.3059,3.7255,3.7255,4.9882,5.9922,16.5961,11.2157,11.2157,9.9922,6.0235,11.2157,0,0,0,0,9.9137,0,0,0,0,4.3137,1.5059,0,0,0,14.0,14.0,T
11.2549,3.7647,0,0,0,13.3529,6.9294,3.7255,3.7255,6.2314,14.4902,13.3294,11.2549,11.2549,4.7569,11.2549,3.7647,0,0,0,12.4627,3.0118,0,0,0,13.0,13.0,T
8.6039,7.1216,0,0,0,11.1608,0,0,0,0,16.9176,11.2157,11.2157,11.2157,8.9725,13.1373,3.7647,3.7647,3.7647,3.0118,9.7412,0,0,0,0,12.0,14.0,T
9.9922,5.7569,0,0,0,12.5804,7.1686,0,0,0,12.0902,6.5922,6.3686,7.4902,5.9922,11.2157,0,0,0,0,8.9725,0,0,0,0,14.0,12.0,T
14.9804,0,0,0,0,14.9804,0,0,0,0,18.3451,11.6,11.2157,11.2157,8.9725,14.9804,0,0,0,0,8.6353,0,0,0,0,15.0,11.0,T
10.7294,2.2588,0,0,0,15.5686,3.7255,0.7451,0,0,18.8235,11.2549,9.7647,10.8471,8.9725,14.9804,0,0,0,0,11.9843,0,0,0,0,13.0,11.0,T
11.2157,0,0,0,0,11.2157,0,0,0,0,15.0078,6.9922,8.7529,11.2392,6.3451,11.2157,0,2.2588,6.0078,6.5529,8.9725,0,0,0,0,16.0,12.0,T
8.7294,0,0,0,0,10.0039,3.0118,0,1.4902,2.9804,11.9922,13.4902,10.8471,10.1333,9.0039,11.2549,3.7647,0,0,0,9.7412,3.3804,0,0,0,13.0,13.0,T
11.2549,0,0,0,0,11.2549,0,1.4902,3.7255,2.9804,16.8627,10.5098,10.0627,11.2549,9.0039,11.2549,0,0,0,0,9.0039,0,0,0,0,15.0,15.0,T
9.9725,0,0,0,0,10.4314,6.1451,4.1255,7.3765,8.9725,12.0078,15.1294,12.7686,8.7922,6.0235,11.2549,3.7647,0,0,0,9.0039,3.0118,0,0,0,10.0,13.0,T
12.6667,4.2353,0,0,0,11.2549,3.7647,0,0,0,15.451,11.2549,13.8667,14.9804,11.9843,14.4902,9.3922,3.9529,3.7647,3.0118,9.0039,3.0118,0,0,0,11.0,13.0,T
8.6078,0,0,0,0,9.9412,3.0118,0,2.8196,5.4353,13.9216,11.8667,9.5843,6.3804,3.2,11.8235,3.9529,0,0,0,9.0039,3.0118,0,0,0,15.0,13.0,T
14.9804,0,0,0,0,14.9804,0,0,0,0,14.9804,0,2.9804,8.2275,9.7569,19.2784,11.2157,10.7451,8.6314,3.3882,11.9843,0,0,0,0,11.0,11.0,T
14.9804,0,0,0,0,16.5647,3.7255,4.3059,8.6118,8.9725,18.8235,11.2549,7.3176,4.1412,3.0118,14.9804,0,0,0,0,11.9843,0,0,0,0,13.0,10.0,T
14.9804,0,0,0,0,16.5647,0.7451,0,0,0,20.4078,10.5098,10.8471,11.2157,8.9725,17.9922,0,3.0118,3.7647,3.0118,12.7373,0,0,0,0,12.0,11.0,T
14.9804,0,0,0,0,16.5647,3.7255,3.7255,3.7255,2.9804,20.4078,14.9804,14.9804,14.9804,12.7216,14.9804,0,0,0,0,11.9843,0,0,0,0,12.0,9.0,T
14.9804,0,0,0,0,14.9804,0,0,0,0,19.2784,11.2157,11.2157,11.2157,8.9725,16.1098,3.7647,3.7647,3.7647,3.0118,11.9843,0,0,0,0,12.0,11.0,T
12.3529,14.9804,13.9843,6.4902,0.7451,0,0,0,11.2196,5.9843,0,0,0,1.8745,11.2471,0,0,0,0,7.8353,5.6,7.8275,7.451,7.451,9.9608,9.0,13.0,U
10.0941,11.2157,11.2157,11.5843,8.9882,0,0,0,0,9.5412,0,0,0,1.4902,9.9647,0,1.8745,9.3882,10.1412,5.0706,5.8667,5.7529,3.7569,0,0,12.0,12.0,U
6.7451,11.6,11.2157,8.7294,7.251,0,0,0,0,8.7137,0,0,0,0,7.4706,0,0,0,4,3,8.2039,8.6118,9.6353,3,0,13.0,13.0,U
10.0941,11.2157,11.2157,11.5843,8.9882,0,0,0,0,10.9373,0,0,0,1.349,9.3059,0,0,6.4706,9.5176,4.1725,5.4902,9.7529,6.4941,2,0,13.0,13.0,U
8.4353,8.7373,11.2157,11.2157,8.4824,2.2588,0.7529,0,0,7.8353,0,0,0,0,7.4706,0,0,0,6,3,5.7098,9.1059,10.0039,3,0,13.0,12.0,U
12.7373,14.9804,14.9804,14.9804,11.4824,0,0,0,0,7.451,0,0,0,0,7.451,0,1.4902,3.7255,5.9882,9.9765,1.4902,11.4824,14.9804,6.9961,0,11.0,11.0,U
12.3529,14.9804,14.9804,11.4824,3.2431,0,0,0,1.5059,11.4941,0,0,0,0,11.8118,0,0,0,3.4902,6.4431,4.4706,7.451,7.9608,11.9922,2,11.0,12.0,U
11.2314,11.2157,8.6235,7.8824,0,0,0,1.5059,5.5686,8.7294,0,0,0,0,4.1098,0,0,0,0,6.7451,5.9608,8.7608,10.5333,10.0039,3,12.0,14.0,U
8.4353,8.7373,11.2157,8.6118,5.8784,2.2588,0.7529,0,0,3.4902,0,0,0,1.4902,10.1569,0,0,0,9.4902,3.6863,2.9804,7.451,7.9804,3,0,12.0,12.0,U
7.3765,9.9725,11.2157,8.6078,7.1137,1.5059,0,0,0,7.8353,0,0,0,0.7451,9.451,0,6.7294,11.6314,13.2392,6.502,5,5.8706,4.3255,2.2588,0,12.0,11.0,U
10.4784,11.2157,11.2157,9.9725,6,0,0,0,0,7.9608,0,0,0,1,8.9804,0,0,0,7,2,4.4706,9.0039,5.6392,2.9412,0,12.0,11.0,U
8.6275,11.2549,10.5176,9.9333,5.2549,0,0,0,1.8745,11.7412,0,0,0,0,7.451,0,0,0,3.2353,9.1294,4.102,4.1098,6.8196,9.7529,2,14.0,11.0,U
12.3529,10.8706,9.9725,2,0,0,0.7529,4.0118,7.7647,6.7373,0,0,0,1.8824,10.098,0,0,0,0,10.1804,0,5.9608,7.451,8.6196,8.2667,11.0,13.0,U
8.8314,11.2157,7.3059,7.9176,1.4902,0,0,0,4.9961,7.9882,0,0,0,0,7.9608,0,0,0,2.698,8.1686,4.4706,7.7412,9.3412,6.8863,2.5569,13.0,12.0,U
8.8824,8.7294,11.2157,11.2157,8.7294,2.2588,0,0,0,11.2157,0,0,0,0,5.9882,0,0,0,1.4902,10.9725,1.8667,8.2039,9.749,8,5.6235,13.0,14.0,U
8.8431,11.4039,11.2157,9.9882,7.2314,0.7529,0,0,1.5059,9.9725,0,0,0,0,7.451,0,0,0,0,10.549,0,5.8745,10.1412,8.7529,3.8196,12.0,13.0,U
10.0941,11.2157,11.2157,11.2157,8.4824,0,0,0,0,10.6196,0,0,0,2,7.502,0,0,0,9.5137,1,2.9804,10.6745,9.2667,2.8824,0,12.0,12.0,U
10.0941,11.2157,11.2157,6,7.1882,0,0,0,0,9.2235,0,0,0,2,7,0,0,2,8,1,7.8353,8.6784,4.7569,1,0,12.0,12.0,U
12.3529,14.9804,13.9843,10.9725,3.2431,0,0,0,6.0235,10.0078,0,0,0,0,8.4706,0,0,0,0,7.8275,0,5.9608,7.451,7.451,10.2353,10.0,12.0,U
8.6275,8.7373,11.2157,8.4941,6.9804,2.2588,0.7529,0,1.7529,10.2196,0,0,0,1,10.2196,0,0,6.9804,10.9922,3.5059,9.3647,11.2627,7.8118,2.5059,0,12.0,11.0,U
11.2314,11.2157,11.2157,10.3255,7.1843,0,0,0,0.8588,7.149,0,0,0,1,5.7451,0,0,2.9804,8.2471,4,8.8,11.2549,8.498,3.3765,0,13.0,16.0,U
12.3529,14.9804,14.9804,14.9804,9.851,0,0,0,0,8.2196,0,0,0,0,7.451,0,0,0,1.4902,8.7255,4.8471,7.451,7.8353,11.6314,4.9961,10.0,12.0,U
11.6235,10.1176,5.7333,2.2353,0,0,1.5059,7.2549,11.749,9.9922,0,0,0,0.7529,10.4863,0,1.7804,4.6706,5.7059,6,1.8745,9.2,9.3412,1.7804,0,11.0,11.0,V
8.3765,6.9412,3.7569,0,0,0,1.8824,8.5137,7.4902,5.9608,0,0,0,3.498,11.851,0.9373,5.6314,9.7647,7.3176,3.8824,8.2627,8.7137,0,0,0,14.0,10.0,V
7.6078,9.2824,7.5608,0,0,0,3.3961,4.7216,7.3176,9.1059,0,1,6.2431,11.2157,9.1294,3.749,9.4353,4,0,0,5.7569,3.251,0,0,0,13.0,12.0,V
9.9961,10.7529,2,0,0,0.7529,4.2588,8.7529,7.0706,3.1725,0,0,0,5.6353,11.8471,0,0,5.6314,7.5098,1.8824,0,4,2.8784,0,0,13.0,14.0,V
9.1765,6.3765,9.3412,1.7804,0,0,1.7804,4.6706,5.7098,8.8549,0,0,0,1,8.8549,0,0,7.5137,6.698,4,5.7333,5.7569,4.698,0.9412,0,13.0,11.0,V
7.6078,9.2588,3.749,0,0,0,3.3843,7.5137,10.8471,6.6078,0,0,0,0,8.7294,0,0,1.8745,9.3882,5.7569,0,6.4706,6.9373,2.8196,0,12.0,12.0,V
9.1765,6.0078,11.0039,8.4706,5.9608,0,0.7529,4.0118,8.7529,11.451,0,0,0,3.8745,10.9333,0,1.8745,9.5137,6,0,6.3961,8.1451,3.7569,0,0,12.0,10.0,V
10.9725,5.0588,0,0,0,1.5059,5.349,9.3412,9.1216,3.2706,0,0,0.8902,4.5608,12.3647,0,3.2353,6.0588,10.7294,9.1294,3.7333,13.2314,2,0,0,11.0,13.0,V
10.0941,6.8431,9.3412,1.7804,0,0,0.8902,4.6706,7.3216,9.9608,0,1.8784,4.698,8.4549,9.1922,0,10.0824,3.7647,0,0,4,2.8824,0,0,0,13.0,12.0,V
7.5137,9.9412,11.2549,10.5176,6.7373,0,3.0118,3.7647,4.1412,10.8745,0,0,0,2,6.7647,0,0,9.9922,9.9922,1,2.9804,7.9804,4.5059,1.5059,0,12.0,13.0,V
14.2431,11.7725,10.5098,5.0588,0,0,0,2.2588,5.5686,11.451,0,0,0,4.9255,9.9412,0,1.8745,4.698,8.3608,0.9725,6.7608,9.5294,3.7569,0,0,11.0,14.0,V
8.8471,5.6314,4.7176,2.7804,0,0,0,3.7804,5.7804,8.8549,0,0,0,0,8.6039,0,0,4.9412,5.9961,6.9882,0.9725,5.9137,7.8745,1.5059,0,16.0,11.0,V
10.1255,10.4863,5.9137,2.5255,0,0,4.5176,8.8471,10.5569,9.098,0,0,0,0,10.2353,0,0,3.6706,7.7725,7.7569,0,6.4706,9.3412,5.0667,0,10.0,13.0,V
7.6078,9.2588,8.2196,1.4902,0,0,3.3843,8.6275,10.7373,11.3412,0,0,0.9373,7.3059,11.8745,0,3.7569,8.702,4.3255,1.5059,2.9804,8.3804,1.8824,0,0,12.0,12.0,V
12.7373,11.4824,8.7294,3.2353,0,0,1.5059,4.2588,9.7529,8,0,0,0,0,7.9608,0.9333,7.302,6.3686,7.3059,11.2157,6.7294,10.5255,4.5176,0,0,11.0,11.0,V
13.0275,9.1216,3.6588,0,0,0,0,5.6431,12.7451,8.4863,0,0,0,4.2588,14.9647,0,1.8745,4.698,7.5804,3.2588,2.9804,8.7294,3.7569,0,0,11.0,14.0,V
8.6235,4.9373,0,0,0,0,3.8902,6.5373,9.5451,3.5608,0,0.7451,5.1804,10.5059,13.4667,0,7.7725,7.8196,0,0,2,6.1882,0,0,0,13.0,15.0,V
7.698,7.5098,6.3686,5.2549,0.9373,0,0,4.5176,9.0196,8.1255,0,0,0,5.8745,5.5961,0,1,7,3,0,2.7451,7.6314,2,0,0,14.0,12.0,V
13.1294,7.5216,1.8784,0,0,0,3.7647,9.3882,5.1098,0.7451,0,0,0,10.9882,9.4235,0,0,6.3647,10.8471,9.0196,1.4902,8.6196,8.651,6.0235,0,10.0,14.0,V
11.2314,11.2157,12.6039,16.098,6.4784,0,5.8039,16.0667,13.0941,7.7294,0,0,3.0118,3.7647,5.2588,0,0,3.4902,4.8157,3.9412,0,4.4902,10.2314,2,0,16.0,14.0,W
5.1176,6.3843,6.5373,14.702,11.5098,10.251,4.5176,8.1843,14.0824,1.4902,0,0,4.7255,10.6745,4.1882,0,0.9373,7.0157,5.1961,0,4.6902,8.498,2.8196,0,0,14.0,15.0,W
3.4118,11.6863,10.502,11.2549,12.2471,0,0,0,7.3059,6.3137,0,0,5.8745,11.7529,2,0,0,2.8196,8.8863,4.1922,1.8902,4.7647,7.5176,1.8824,0,16.0,14.0,W
8.4353,11.2549,11.2549,11.2549,13.1059,0,0,0,8.8784,7.1804,0,0,8.3686,15.098,12.8314,0,1.8902,4.7804,9.502,6.502,2.9333,6.8902,3.7804,0,0,15.0,12.0,W
9.3569,10.1412,11.2549,15.4824,6.6235,0,0,5.6314,7.8824,2,0,8.0902,15.9529,11.4588,6.7373,0,1.5059,4.5098,7.8667,10.9882,6.9765,10.8471,9.7647,11.2549,3.251,14.0,12.0,W
10.1333,11.2549,11.2549,12,13.7373,0,0,4,7.0627,8.9882,0,0,7.6902,10.6902,2,0,0,0,8.8235,5.251,1.4902,4.3098,8.2824,4.6,0,14.0,14.0,W
8.4353,11.2549,11.2549,16.9882,5.8784,0,0.7451,3.9804,9.6275,0.7529,0,4.9569,16.9216,12.2157,7.9765,0,0.7451,3.9176,4.6941,7.3686,2.9333,8.8824,9.9412,2.8196,0,15.0,12.0,W
8.4353,11.2549,12.1922,15.9451,12.0824,0,0.7451,10.0471,4.3059,0,0,0.7451,7.1216,5.8118,9.2196,0,0.9373,4.698,4.702,5.4706,2.8196,5.6353,5.6392,0,0,16.0,13.0,W
10.0941,10.8471,10.1412,13.2549,9.8824,0,0,5.9882,11.8392,3.9804,0,0,1.6941,5.8157,10.3608,0,2.4627,5.3882,4.7647,1.9412,2.8667,8.3451,1.9451,0,0,16.0,13.0,W
10.1333,11.2549,14.8078,16.1608,12.8627,0,0,13.7765,13.8627,1.4902,0,0,1.5059,5.0039,9.7412,0,0,5.6275,6.5725,2.9412,4.7333,9.1216,3.6588,0,0,14.0,14.0,W
8.8314,11.2157,11.2157,14.9647,13.298,0,0,6.4471,11.098,3.5608,0,0,0.7529,4.5098,9.8196,0,0,0,8.3373,4.8196,0,2.9804,7.9176,6.051,0.9412,13.0,12.0,W
8.4353,10.9961,11.2157,11.2157,9.2902,0,0.7451,8.3529,5.7569,4.4392,0,1.4902,9.1843,7.3176,8.502,0,0.8902,4.6706,6.1529,8.8196,2.7451,5.5961,9.3412,1.7804,0,16.0,12.0,W
10.0941,10.7373,13.6863,17.8706,12.6588,0,0,4.8745,13.2549,9.3412,0,0,0,5.5059,8.3804,0,0.9725,5.9412,5,1,2.9333,5.7647,4.9569,0,0,16.0,13.0,W
10.1333,11.2549,12.7451,16.6,2.7451,0,0,10.2196,12.051,5.9608,0,0,4.1255,7.6824,10.9922,0,0,2,5.8157,2.9412,0,2.7451,6.7569,1,0,14.0,14.0,W
8.4353,11.2549,11.2549,11.2549,11.1333,0,0.7451,5.3647,7.6392,2,0,3.2275,11.4588,5.2549,5.9176,0,0,2.4627,6.9647,8.8627,2.4235,5.2157,8.3765,7.9686,1.5059,16.0,12.0,W
10.0941,11.2157,11.2157,11.2157,11.4667,0,0,2.4902,7,2,0,1.4902,13.1569,12.2157,8.5137,0,0,1.4902,8.4706,8.4431,4.8471,8.2275,7.2627,6.4941,1,13.0,12.0,W
8.4353,11.2549,11.2549,13.2549,13.6706,0,0,4.251,9.502,2,0,0,5.9333,9.7569,3.4902,0,0,1.8784,11.3647,8.4314,1.8745,7.4392,7.4392,4.1412,0.7529,14.0,13.0,W
7.7451,4.451,0,8.2588,9.1922,0,10.2235,7.6706,4.2745,3.0118,6.5059,3,5,2,0,1.8824,0,0,4.8157,0,0,0,0,5.4706,4.9255,13.0,17.0,X
5.8157,5.6314,0,8.4706,6.7765,1.6941,4.6941,11.3176,7.3176,0.7529,1.8784,7.0745,7.5882,6.1333,0,11.3882,1.8824,0,6.8902,2,2.8157,0,0,1,5,13.0,15.0,X
10.7529,4,0,2,6.6196,1.7529,7,3.8784,5.8157,1,0,0,11.0471,7.3725,0,0,6.9882,5.3725,8.1216,6.2392,7.7294,9.1451,0.9412,0.7451,6.9373,13.0,14.0,X
4.4863,0,0,3.749,9.4863,7.2431,4.8157,1,7.7569,2.5647,0,4.8157,10.8431,4,0,0,5,6.8902,9,2,1.4902,3.7451,0,2,6,13.0,13.0,X
6.502,0,0,6.3725,1.5059,2.9725,5.3216,6.7529,2.8784,0,0,3.8784,6.9373,4,0,5.6784,3.8196,0,4.4431,4.4353,0,0,0,0,3.8784,17.0,17.0,X
0,0,2,5.498,0,9.102,1,5.7804,1,0,1,6.8667,7.4824,0,0,0.9373,7.098,5.9333,5.9137,1.9451,3.8157,2.8157,0,3.4353,6.3882,16.0,16.0,X
6.7294,2.2588,0,2,11.8588,3.2431,9.2667,3.8745,5.8196,3.5059,0,1.8745,8.9373,7,0,0,9.6314,2.8157,4.4902,7.9922,7.3765,3,0,1.4902,10.1098,13.0,11.0,X
3.9961,5.3216,0,6.251,7.3176,0,6.6039,7.2157,3,0,0,7.4196,7.4745,3.8784,0,8.7412,3.4784,0,5,2,0,0,0,1,5,14.0,16.0,X
10.3804,1.8745,0,0,4.4275,1.8784,9.8118,4.9412,7.3804,4.9373,0,1.4902,15.0431,8.1412,0,3.4275,6.8902,7.1686,5.8196,0,8.3608,4,0,6,2,11.0,14.0,X
15.2275,0.9373,0,2.4902,7.9922,2.8196,8.9373,2,7,2,0,2,12.7647,8,0,2.4902,7,4,5,3.8824,4.9804,2,0,0,7.5137,11.0,11.0,X
15.2275,1,0,3.1765,9.349,2.5059,8.5137,0,7.4353,3.3882,0,5.8745,9.5137,7.5137,0,0.9373,4.6941,16.302,7.4588,1.4902,5.8745,5.6392,0,4.9961,9.9922,11.0,11.0,X
7.6078,5,0,5.749,3,0,5,5.8784,7.5176,0,0,1,13.8824,5.8824,0,0,4.7569,2,9.5137,3.7569,3.749,4.8157,0,1.8745,7.1765,12.0,12.0,X
4.6706,0,0,5.3059,7.7451,6.549,6.5725,4.8745,6.6314,0,0,4.8784,7.4078,4.9725,0,5.6196,5,0,5.8196,2.8196,6.6314,0,0,0.9373,7.3647,14.0,15.0,X
4.2431,0,0,2.8196,10.1451,2,7.6314,7.7059,7.0824,0.9412,0,2,11.1294,5,0,1.8745,8.749,2,8.2431,2.7529,9.1176,3.7569,0,1,1,13.0,14.0,X
4.6706,0,0.7451,9.7176,2.5059,7.4902,7.5176,6.2118,6.4314,0,0,4.3098,14.1451,5.6392,0,0,7.349,4.1647,4.7647,8.7529,2,4.8824,0,0,4.6275,14.0,13.0,X
11.8667,0.9373,0,0,1.6784,5.2549,8.1255,2.2353,5.8549,11.9843,0,8.1098,14.6078,12.4941,3.0118,0,7.9961,4.9961,0,0,6.8549,4,0,0,0,10.0,16.0,Y
7.2314,11.1216,1.4902,1,6.4863,2.2353,17.2157,11.2314,7,10.5176,0,2.4431,14.8863,13.0118,0,0,4.8745,8.7529,3.5059,0,1.7098,10.9333,0,0,0,9.0,10.0,Y
12.4196,2,0,0,5.4902,2.7529,9.302,6.3686,4.2353,6.498,0,1.8745,16.7451,12.3608,2,0,4,6.8157,0.9412,0,8.5882,7.8784,0,0,0,12.0,12.0,Y
14.5804,3.2431,0,0,0,2.2588,7.7529,4.9804,0,8.7451,0,1,11.1098,9.6314,4.5059,0,3.7451,8.1882,2.8157,0,8.8549,8.9961,0,0,0,11.0,13.0,Y
12.1529,1.6824,0,0,0,5.8235,13.8235,4.9804,0,5.4902,0,2.5059,12.0431,9.6392,6.1333,0,3.7451,8.5961,2,0,8.5882,9.2392,0,0,0,11.0,13.0,Y
12.1333,0,0,0,0,4.9961,9.6078,1,0.7451,5.3647,0,2.7529,9.3961,10.851,5.3804,0,0,7,2,0,9.4902,7.3216,1.9412,0,0,13.0,14.0,Y
11.9843,5.4471,0,0,1.4902,1.5059,5.5725,12.6039,5.8745,10.6275,0,0,8.7804,8.6706,1.7529,2,5.8157,6,0,0,11.9608,3.5059,0,0,0,11.0,12.0,Y
4.8549,0,0,1.8667,8.1216,5.9333,9.8078,5.6902,9.0784,4.3216,0,3.0118,13.2627,1.5059,0,0,5.9451,2.9412,0,0,2.6902,7.1059,0,0,0,12.0,14.0,Y
4.8549,0,0,0,6.8784,7.9333,8.9843,7.298,7.9176,6.8118,0,1.5059,11.5098,11.7608,0,0,2,9,1,0,8.8549,5.8157,2,0,0,12.0,12.0,Y
11.5569,5.4902,0,0,1.8667,1.7529,9.8745,8.8667,4.3765,10.1529,0,0,3.0118,10.3882,1.8824,0,0,6,3,0,3.3647,10.251,4.251,0,0,12.0,14.0,Y
0,0,0,0,4,10.0941,6.7412,2,6.9804,4.9961,0,3.5059,8,6,0,0,4,6,0,0,8.8549,5,0,0,0,12.0,12.0,Y
3.3647,0,0,3.6196,11.9843,8.3765,14.7216,10.8471,10.6314,1.5059,0,3.3804,15.6902,7.451,0,0,7.7569,4,0,0,8.7294,5.7647,0,0,0,11.0,11.0,Y
11.251,2.7451,0,0,2.4902,2,10.9961,5.2431,7.6431,9.9922,0,0,9.4314,9.6706,0,0,2,8.0118,1.5059,0,1.4902,8.9804,2,0,0,10.0,14.0,Y
8.4902,1.4902,0,0.9373,8.3098,5.1255,12.9882,2,6.8196,2.8196,0,11.1882,13.1255,5.7569,0,0.7451,5.9961,5.5059,0,0,7.9765,7.9922,0,0,0,11.0,14.0,Y
4.8549,0,0,0,4,5.1804,8.2431,3.4902,8.4863,5.251,0,1.7529,9.3765,7.9961,0.7529,0,4.4314,10.7451,0,0,5.4902,5.8784,1.8824,0,0,13.0,12.0,Y
15.7176,1.8745,0,0,2.9804,5.0706,15.5412,4.6784,4,12.0078,0,3.749,10.5098,10.4588,0,0,3.749,7.749,2.8196,0,0,10.9333,3.7569,0,0,8.0,11.0,Y
11.9843,5.3725,0.7451,7.9843,11.9843,1.5059,8.7529,16.3686,6.1333,0.7529,0,4.5098,11.0196,0,0,1.8667,7.3804,1.8824,0,0,12.4471,6.7608,0,0,0,11.0,12.0,Y
7.2235,1.4902,0,0,5.4902,4.3647,10.8196,9.7882,7.4196,6.9961,0,0,9.0706,13.1961,1,0,3.8667,8,2,0,3.7333,11.3686,3.8824,0,0,13.0,12.0,Y
10.4627,3.9333,0,1.4902,6.9843,5.2549,13.5569,7.7294,10.9922,8.0078,0,4.3804,17.0039,3.5059,0,0,6,4,0,0,5.4275,8.9804,0,0,0,10.0,12.0,Y
10.1333,7.949,0,0,0,1.5059,6.9961,8.1686,3.5569,2.2353,0,0,2.6196,17.5608,12.0863,0,2,10.251,5.7569,0.7529,8.8549,8.502,2,0,0,12.0,12.0,Y
0,0,7.502,9.5608,7.7294,4.502,6.0549,2.6118,0,3.7255,13.1451,6.4941,0,0,3.7255,17.6392,8.298,0,0,2.2353,14.8667,4.5176,0,0,0,17.0,14.0,Z
5.9922,0,0,14.3765,8.0078,10.3373,0,3.7804,11.1765,14.9804,10.7529,3.0118,10.4706,5.6275,12.4784,5.9137,5.9137,9.898,0,1.4902,3.1255,14.1137,7.7529,0,0,15.0,11.0,Z
8.7294,0,0,4.4706,11.698,9.2588,3.3843,0,7.3686,12.2157,8.2196,6.3686,3.4902,7.5137,7.451,4.4706,15.3569,10.2431,1.8824,7.451,0,3.0118,0.7529,0,7.1294,12.0,13.0,Z
2.251,0,9.2157,12.702,6.3176,11.2549,5.6392,4.7647,0,10.7294,11.2549,5.5529,0.9412,0,7.3765,16.1725,8.0353,0,0,4.1255,5.1176,1.5059,0,0,4.6627,14.0,14.0,Z
0,0,5.9608,10.6902,0,4.502,0,7.451,12.8627,0,8.502,0,8.8314,10.4824,7.1373,6.4941,3.2588,5.5608,4.8078,10.8471,1,5.6196,5.3843,0.7451,5.9216,14.0,16.0,Z
0,0,2.2353,13.3882,3.9961,2.2431,0,4.5255,11.2941,8.1373,8,1.8784,4.5608,1.7804,7.8353,8.2196,6.3686,7.5608,0,2.9804,1.4902,9.7373,5.7804,0,0,13.0,13.0,Z
0,0,0.8902,13.2,3.2588,2.2431,0,4.6706,7.0157,9.7529,10.3765,0,5.5608,0,5.5647,8.8157,0.9373,8.498,0,2.9804,4.498,7.9216,2.8196,0,0,15.0,15.0,Z
2.2431,0,6.4471,13.0392,0.9412,9.9137,0,5.8118,12.2431,4.7569,5.7569,1,8.6118,0,8.7529,8.4706,6.4941,10.1176,0,11.6157,2.9804,6.4863,8.2667,0,6.7294,10.0,13.0,Z
0,0,0,6.3608,10.1647,7.498,0,0,4.6706,4.1137,11.2549,0,0,4.6588,3.7255,11.0039,0,5.6471,2.8196,2.9804,8.302,4.1098,5.5137,0,0,17.0,16.0,Z
0,0,5.2392,7.8471,0,6.7529,0,10.5098,10.0784,4.9255,11.2549,0,9.2235,3.2314,5.7059,11.2549,1.7804,5.749,0,4.3098,11.4824,10.1804,3.6706,0,2.9804,13.0,16.0,Z
0,0,0,4.4902,13.9098,4.502,0,0,8.1373,8.6196,10.5098,0,4.1961,4.4392,4.2706,10.8471,1.4902,6.6667,0.7529,3.9137,9.902,7.8706,3.4431,0,2.4392,15.0,14.0,Z
2.2431,0,0,5.8784,12.4706,11.2157,0,2.8275,8.149,7.451,11.2157,0,4.8353,5.6706,7.451,11.2157,2.8157,5.8157,0,1.4902,10.6471,8.1725,0.9412,0,0,14.0,13.0,Z
2.9961,0,1.7176,10.7569,13.8588,14.9804,0,10.3294,7.0196,11.2392,13.7647,0,10.5804,0.6118,7.451,10.302,10.1529,3.451,0,7.451,8.0824,8.1294,0,0,5.9608,19.0,11.0,Z
8.9882,0,0,8.4078,12.8549,13.7647,0,0,9.5843,8.9569,9.3412,0,2.7804,9.1216,7.451,10.7529,6.0235,6.7804,5.5608,7.451,4.7333,12.9294,7.0118,0,1.4902,12.0,10.0,Z
4.502,0,0,11.6471,8.7529,11.2549,0,1.7804,6.051,10.1412,11.2549,0,8.5608,3.7804,10.8471,11.2549,4,5,0,11.2157,8.7529,7.502,1,0,6.4863,13.0,14.0,Z
4.502,0,0,6.4275,12.1373,10.8863,0,0,8.3137,9.6196,10.1176,0,5.8157,4.9412,4.5255,7.3765,0,4.5608,0,3.7255,3.7725,7.7647,3.8902,0,1.4902,13.0,14.0,Z
2.6196,0,0,13.4549,6.0118,12,0,0,5.6118,11.1647,7.0667,0,7.1059,5.3216,3.3647,3.7176,6.502,7.0275,1.7451,0,0,4.7647,4.6431,0,0,16.0,14.0,Z
11.2549,0,0,13.8392,2.8196,10.7451,0,4.4706,9.7412,8.2588,7.3059,0,7.8353,6.9294,8.5137,5.8706,5.0118,8.451,3.7569,3.4902,2,6,3.7569,0,0,10.0,14.0,Z
11.9843,0,0,7.2706,11.851,14.9804,0,1.7176,9.6431,7.451,14.9804,0,9.3569,5.902,1.4902,12.7451,1.8745,8.2941,0.8627,0,8.7882,11.4549,3.5725,0,0,15.0,11.0,Z
12.5255,0,1.4902,11.9922,6.9961,9.3412,0,8.0314,10.7686,12.9882,7.4431,1.8824,9.3412,4.6706,4.9804,3.7529,5.5333,9.2863,0.8902,0,0,11.3098,5.6392,0,0,9.0,11.0,Z
6.7529,0,11.2471,2.8157,0,11.2549,0,12.898,8.8275,0,10.1333,0,11.2157,8.8588,0.7529,8.6118,0,10.4784,3.9961,7.9961,5.2431,8.3451,5.7569,0,3.6824,13.0,15.0,Z
4.502,0,7.7294,11.6,6.4431,10.1255,0.7451,10.1333,0.7529,5.9882,11.2157,3.9176,9.9412,0,3.7255,11.2157,4.6902,2.8157,0,3.7255,6.4863,5.8784,0,0,2.9804,13.0,15.0,Z
